DIRECT IMPORTS: BY S.I.T.C. * SECTIONS,,,,,,,,,,,
      (shillings million),,,,,,,,,,,
Year,Month, Food  and Live Animals, Beverages and Tobacco,Crude Materials Inedible except Fuels,Mineral Fuels Lubricants and related Materials,Animals and Vegetable Oils and Fats,  Chemicals  ,Manufactured Goods Classified Chiefly by Materials,Machinery and Transport Equipment ,  Other  ,  TOTAL  
,,,,,,,,,,,
1998,8,"1,413.87",52.95,569.55,"1,927.76",688.28,"3,419.51","1,926.50","4,481.30","1,041.30","15,521.02"
1998,9,533.13,103.94,575.12,"2,942.74","1,300.06","2,450.35","2,070.79","5,810.22",992.39,"16,778.75"
1998,10,586.56,66.22,504.11,"3,083.62",919.35,"2,096.88","2,565.87","6,039.03","1,308.44","17,170.07"
1998,11,522.81,103.4,511.7,"1,407.03",931.28,"2,217.73","2,288.93","4,628.01","1,207.83","13,818.73"
1998,12,717.97,104.84,612.32,"4,597.77","1,692.68","2,021.25","2,015.47","5,043.44","1,240.22","18,045.94"
1999,1,587.64,74.6,373.06,"1,313.03",882.06,"2,563.91","2,453.64","4,137.72","1,067.24","13,452.90"
1999,2,"1,804.62",66.79,424.76,991.26,516.47,"2,921.18","2,277.94","7,365.91",952.71,"17,321.64"
1999,3,"1,378.93",67.19,525.6,"2,578.50","1,154.72","2,794.36","2,125.79","5,943.61","1,416.78","17,985.49"
1999,4,916.38,71.33,421.92,"2,785.98",889.42,"2,897.00","2,143.00","4,580.79","1,033.11","15,738.93"
1999,5,933.47,43.78,462.75,"2,055.29","1,071.80","2,386.49","2,157.41","4,395.83","1,275.92","14,782.75"
1999,6,"1,254.34",43.97,559.6,"1,566.70",944.08,"2,080.47","2,540.04","4,022.15","1,132.11","14,143.45"
1999,7,"1,388.86",90.83,456.01,"1,367.77",583.08,"2,390.29","2,425.84","5,540.87","1,714.27","15,957.82"
1999,8,884.02,67.54,544.25,"3,044.97",306.49,"2,519.28","2,232.05","4,736.81","1,059.10","15,394.51"
1999,9,"1,539.85",83.2,558.36,"2,947.38",482.02,"2,702.69","2,662.12","4,927.17","1,516.52","17,419.32"
1999,10,608.62,68.94,389.58,"1,843.22",708.23,"2,973.23","2,241.86","4,253.40",891.28,"13,978.36"
1999,11,702.34,146.7,632.74,"5,390.88",895.8,"3,235.84","2,608.02","4,804.83","2,364.29","20,781.46"
1999,12,"1,093.58",110.67,440.34,"4,032.88",760.36,"2,523.79","2,311.01","4,863.22","1,379.02","17,514.86"
2000,1,"1,211.08",152.84,606.03,"5,834.20",576.89,"2,558.89","2,029.27","3,513.16",714.84,"17,197.20"
2000,2,"1,039.49",75.93,466.57,"3,996.62",308.28,"2,358.48","2,137.78","4,810.79","1,166.20","16,360.15"
2000,3,"1,325.24",93.87,599.02,"6,835.36",846.07,"3,683.49","2,200.81","5,051.12",906.48,"21,541.46"
2000,4,"1,470.38",55.02,478.66,"3,824.75",337.35,"2,834.18","1,965.02","3,722.81",984.63,"15,672.79"
2000,5,906.92,107.7,730.73,"3,543.91",737.97,"3,119.97","2,689.16","7,662.34","1,376.00","20,874.72"
2000,6,"1,112.88",83.81,489.7,"3,731.62",758.87,"2,443.32","2,420.65","7,676.74","1,153.33","19,870.91"
2000,7,"1,930.23",37.24,395.49,"5,662.40",727.61,"1,959.44","1,990.79","9,670.56",978.28,"23,352.04"
2000,8,"2,651.30",193.52,555.53,"6,628.70",212.33,"2,991.54","2,641.62","7,661.66",974.3,"24,510.50"
2000,9,"2,769.58",72.98,509.54,"5,208.74","1,554.79","3,042.58","2,463.94","4,672.31",950.84,"21,245.30"
2000,10,"3,089.86",88.45,445.56,"7,793.22",144.55,"2,850.33","2,474.01","5,200.04","1,041.63","23,127.67"
2000,11,"1,727.02",194.84,630.98,"8,556.33",538.38,"2,563.59","2,435.42","8,354.90","1,515.68","26,517.15"
2000,12,"2,098.59",234.8,456.23,"3,240.00","1,272.73","2,390.90","2,113.92","4,134.93","1,591.90","17,534.00"
2001,1,"2,350.85",162.26,620.92,"2,857.97",567.6,"3,334.15","2,962.21","6,492.41","1,392.35","20,740.73"
2001,2,"2,247.97",106.82,579.87,"5,373.18","1,160.42","2,349.51","2,286.03","5,148.10","1,340.39","20,592.29"
2001,3,"2,423.85",125.85,622.52,"5,698.76",425.69,"3,791.70","3,468.78","5,327.86","1,498.92","23,383.92"
2001,4,"1,571.76",86.8,643.14,"8,239.89",535.24,"3,299.77","2,753.18","4,501.20","1,014.87","22,645.84"
2001,5,"1,341.26",110.69,648.37,"5,382.50",654.4,"3,000.51","3,450.08","12,603.39","1,016.10","28,207.31"
2001,6,"2,395.24",68.74,506.19,"4,757.02",539.17,"3,151.19","2,698.07","14,368.29",965.58,"29,449.49"
2001,7,"1,537.54",54.69,565.87,"4,633.91","1,121.49","3,439.68","3,101.42","13,300.15","1,222.81","28,977.57"
2001,8,"2,966.06",104.02,662.06,"4,552.13",307.15,"3,406.86","3,347.65","4,948.24","1,538.67","21,832.85"
2001,9,"2,319.67",46.17,506.47,"4,804.80","1,021.27","2,520.65","2,445.78","8,615.04","1,048.53","23,328.38"
2001,10,"2,953.45",296.66,"1,374.05","4,497.48","1,342.33","3,542.12","3,111.24","6,448.56","1,482.46","25,048.34"
2001,11,"1,408.26",191.04,565.34,"3,677.81",760.09,"3,310.85","2,590.24","5,453.37","1,288.59","19,245.59"
2001,12,"2,106.40",168.73,692.99,"2,078.52","1,124.94","2,494.06","2,134.47","4,173.87","1,034.97","16,008.94"
2002,1,"1,265.27",126.11,531.57,"3,969.51","1,207.66","4,287.14","2,625.40","18,373.09","1,175.83","33,561.57"
2002,2,"1,194.85",86.23,452.16,"1,098.10","1,131.04","3,175.21","2,246.11","3,628.32",886.61,"13,898.65"
2002,3,"1,403.40",157.7,545.61,"4,203.68","1,801.78","3,151.35","2,953.24","7,103.65",873.31,"22,193.73"
2002,4,527.12,115.84,529.25,"4,873.07",932.29,"2,734.42","2,147.75","4,969.60","1,310.28","18,139.62"
2002,5,"1,105.27",116.15,578.06,"5,187.92",921.02,"3,964.90","3,009.50","4,916.78","1,260.87","21,060.46"
2002,6,"2,272.57",79.14,517.9,"3,077.72",786.38,"3,161.07","2,607.55","7,783.54",981.26,"21,267.15"
2002,7,973.9,264.94,642.78,"4,502.71",913.19,"3,511.56","2,794.85","5,849.69","1,461.53","20,915.15"
2002,8,"1,432.07",498.73,570.52,"3,877.57","1,216.06","3,321.08","2,454.63","4,556.08","1,216.89","19,143.62"
2002,9,"1,287.41",93.84,484.26,"4,853.22","1,077.21","2,650.25","3,121.09","4,501.68","1,389.41","19,458.36"
2002,10,864.25,184.64,571.09,"3,882.42","1,462.11","3,365.63","3,394.85","7,162.04","1,563.83","22,450.86"
2002,11,"1,297.93",351.92,495.44,"3,340.14","1,519.08","3,425.62","2,557.85","6,127.99","1,894.99","21,010.96"
2002,12,"1,191.85",121.31,448.85,"2,917.87","1,364.77","3,267.69","3,241.92","8,545.90","1,473.45","22,573.61"
2003,1,"2,166.75",359.9,626,"5,806.67","1,348.35","4,103.25","3,343.58","5,229.31","1,335.98","24,319.81"
2003,2,"1,463.30",125.14,582.1,"6,663.32","1,365.70","3,687.75","3,115.95","5,167.18",943.86,"23,114.30"
2003,3,"1,313.75",184.25,584.49,"5,604.23","1,111.79","3,686.31","2,663.93","5,027.08","1,233.78","21,409.61"
2003,4,"1,579.37",102.33,653.79,"3,934.40","1,122.17","3,437.25","2,683.18","6,981.20","1,287.06","21,780.75"
2003,5,"2,162.69",84.45,625.45,"6,336.77",973.66,"3,163.41","3,569.92","4,724.29","1,453.47","23,094.11"
2003,6,"1,316.09",96.56,588.16,"5,357.64","1,328.48","3,064.77","2,662.70","10,418.48","1,038.16","25,871.03"
2003,7,"2,329.30",118.16,500.3,"7,194.74","1,177.25","4,545.91","3,390.54","5,806.21","1,406.98","26,469.39"
2003,8,"1,537.98",104.46,481.01,"5,271.08",807.18,"4,130.48","2,937.13","4,366.60","1,194.00","20,829.93"
2003,9,888.97,84.72,546.47,"5,554.40",610.69,"3,160.37","3,545.44","6,747.35","1,217.04","22,355.45"
2003,10,"1,739.47",79.43,665.79,"5,862.58","1,024.44","4,605.31","3,384.39","6,317.13","1,562.74","25,241.28"
2003,11,"1,565.00",121.16,506.49,"2,784.92","1,166.84","3,263.66","2,979.47","6,126.88","2,838.38","21,352.80"
2003,12,"1,267.06",166.63,579.33,"6,243.36","1,295.75","4,038.72","3,449.48","6,584.08","2,360.94","25,985.36"
2004,1,"1,266.16",113.07,569.61,"6,706.81","1,475.12","3,896.66","4,161.00","5,801.42","1,548.51","25,538.35"
2004,2,"2,132.19",134.12,510.56,"5,845.72","1,220.88","4,060.77","3,831.29","6,573.64","1,258.44","25,567.60"
2004,3,"2,383.45",159.89,743.27,"8,628.51","1,047.60","4,240.68","4,229.80","6,759.42","1,582.50","29,775.11"
2004,4,"3,145.08",101,621.01,"5,376.02",188.92,"5,248.60","3,814.72","9,681.81","1,207.87","29,385.02"
2004,5,927.37,114.25,758.15,"6,836.00",97.42,"4,852.31","4,719.62","5,720.24","1,406.72","25,432.09"
2004,6,"1,875.57",121.54,837.92,"7,975.98",78.55,"5,921.91","5,107.51","7,332.45","1,451.34","30,702.78"
2004,7,776.67,932.58,742.46,"7,406.58",588.02,"5,789.28","5,759.28","7,990.84","1,412.53","31,398.25"
2004,8,"2,064.33","1,155.65",850.97,"8,511.29",98.7,"4,227.81","4,787.55","8,938.01","2,859.99","33,494.30"
2004,9,"2,043.75",289.68,791.15,"9,352.22",36.09,"4,912.28","3,879.67","7,328.75","2,089.74","30,723.33"
2004,10,"1,088.80",191.47,787.82,"5,859.29",350.66,"4,673.19","4,373.94","7,934.27","2,846.63","28,106.06"
2004,11,"3,595.57",239.92,978.79,"8,218.52",175.51,"5,156.36","4,661.04","6,872.59","3,679.57","33,577.87"
2004,12,"2,481.43",232.21,"1,057.55","8,000.68","1,828.62","6,109.92","5,095.55","7,764.57","5,663.71","38,234.25"
2005,1,"2,355.17","1,885.37",777.54,"9,037.85","1,928.70","6,120.06","6,087.23","6,779.23","3,534.80","38,505.95"
2005,2,"2,726.01",161.19,675.17,"4,868.09",220.98,"5,243.70","4,261.02","6,813.26","3,910.56","28,879.97"
2005,3,"1,657.23",189.56,786.2,"7,960.20","1,155.58","6,293.06","5,714.73","6,942.84","5,179.68","35,879.08"
2005,4,"1,857.48",107.57,536.26,"9,702.18","1,146.29","5,362.07","4,602.55","23,255.70","4,362.95","50,933.05"
2005,5,"2,374.44",139,593.91,"11,629.97","1,131.55","4,920.32","6,333.34","7,112.87","3,667.85","37,903.25"
2005,6,"1,635.11",248.32,740.86,"4,747.43",766.15,"3,830.99","5,276.17","24,050.66","4,681.49","45,977.18"
2005,7,"1,744.74",75.2,561.79,"14,863.40",660.13,"4,166.20","4,045.24","4,278.53","1,040.72","31,435.96"
2005,8,"1,003.35",175.73,823.8,"4,045.90",199.24,"5,434.48","4,428.42","20,649.66","8,954.22","45,714.81"
2005,9,"2,048.97",177.22,785.8,"6,179.43","1,430.92","5,651.86","4,913.45","9,210.40","5,973.59","36,371.65"
2005,10,"2,392.60",169.78,924.28,"8,917.18","1,447.23","4,366.65","3,819.16","8,354.30","5,809.23","36,200.41"
2005,11,"1,547.35",203.78,946.5,"9,464.06","1,131.11","5,363.87","4,428.98","8,652.36","4,829.18","36,567.21"
2005,12,"2,447.74",180.72,799.25,"9,830.03","1,564.25","6,143.05","4,955.44","8,804.20","5,401.75","40,126.43"
2006,1,"1,661.97",228.31,714.85,"10,241.52","1,829.73","4,845.56","5,929.82","8,825.95","5,352.77","39,630.49"
2006,2,"2,113.87",98.31,569.24,"11,657.10","1,250.79","4,881.73","4,988.43","7,656.25","5,326.68","38,542.39"
2006,3,"2,714.51",270.93,"1,132.33","10,196.51","1,218.08","7,357.36","5,961.58","10,046.80","1,799.52","40,697.62"
2006,4,"2,359.74",341.99,605.38,"7,185.04","1,098.50","6,053.53","5,216.15","22,997.88","1,417.18","47,275.38"
2006,5,"2,607.15",159.36,833.73,"11,988.50","1,261.42","5,710.75","7,115.02","10,960.68","1,797.48","42,434.09"
2006,6,"2,489.61",147.3,864.94,"13,164.88","1,027.64","4,438.55","6,684.19","11,813.65","1,679.16","42,309.93"
2006,7,"2,832.30",994.66,"1,011.84","10,087.96","1,551.37","6,020.75","6,371.11","9,403.77","1,602.71","39,876.47"
2006,8,"2,287.77",170.46,"1,099.79","15,134.58","1,506.49","7,206.28","7,347.90","13,014.73","2,113.46","49,881.47"
2006,9,"2,486.34",193.53,"1,016.30","8,025.73","1,228.97","5,780.11","7,033.44","16,200.37","2,203.72","44,168.52"
2006,10,"1,419.78",243.22,"1,479.68","10,795.41","1,421.40","6,433.98","7,008.14","16,804.28","2,280.99","47,886.88"
2006,11,"2,260.76",209.51,"1,242.00","10,380.99","2,002.47","7,741.18","6,966.55","15,638.72","2,710.31","49,152.49"
2006,12,"2,378.80",234.96,925.99,"7,157.10","1,577.41","5,855.13","6,179.06","18,624.74","2,080.80","45,014.00"
2007,1,"2,854.94",319.62,"1,125.69","7,790.56","2,143.89","5,402.55","7,481.87","19,114.81","2,060.26","48,294.19"
2007,2,"3,509.63",181.23,943.24,"9,310.91","1,857.58","6,246.28","5,989.68","26,993.88","1,884.85","56,917.28"
2007,3,"5,993.78",125.63,"1,541.91","9,616.39","1,513.05","6,967.60","7,445.72","10,708.79","1,914.26","45,827.13"
2007,4,"3,175.90",408.1,"1,065.46","7,296.10","1,147.85","8,121.01","8,353.23","11,598.62","2,423.23","43,589.49"
2007,5,"1,898.57",638.59,"1,365.08","14,711.84","1,918.98","6,198.32","7,919.17","14,399.21","2,448.81","51,498.55"
2007,6,"2,654.17",167.67,"1,347.56","12,843.57","1,754.94","5,469.64","8,386.15","14,246.80","3,330.63","50,201.13"
2007,7,"5,765.82",475.54,"1,533.74","10,459.71","2,232.18","7,018.93","7,516.14","14,615.31","3,573.20","53,190.58"
2007,8,"2,376.97",249.72,"1,230.08","11,081.40","2,671.06","5,997.47","9,887.40","16,240.60","2,869.36","52,604.06"
2007,9,"1,871.03",267.19,"1,457.71","8,908.59","1,476.70","6,565.00","8,288.08","16,703.92","2,922.94","48,461.16"
2007,10,"2,305.17",640.18,"1,468.53","17,067.09","2,530.43","6,871.49","8,419.00","16,236.55","3,510.62","59,049.06"
2007,11,"2,250.63",322.59,"1,443.83","15,964.81","2,475.61","6,802.23","9,085.61","15,950.80","3,435.78","57,731.91"
2007,12,"2,531.68",862.46,936.32,"4,032.57","1,588.79","6,092.57","7,657.87","12,039.77","2,015.33","37,757.37"
2008,1,"3,339.70",343.87,"1,149.73","19,795.08","3,197.12","8,860.20","9,612.07","15,536.94","2,506.30","64,341.01"
2008,2,"4,129.51",731.7,"1,192.48","13,768.58","2,340.96","8,378.13","8,141.99","16,964.88","2,403.21","58,051.43"
2008,3,"4,764.97",352.1,"1,220.57","13,362.02","2,220.61","7,157.61","6,500.12","15,612.91","2,009.88","53,200.79"
2008,4,"2,858.39",151.04,974.23,"15,914.50","3,325.59","8,236.38","7,545.92","13,880.73","1,898.69","54,785.45"
2008,5,"2,610.90",283.35,"1,045.21","18,256.53","2,108.47","7,883.97","6,838.43","15,561.83","2,288.74","56,877.43"
2008,6,"2,080.40",587.47,"1,139.32","12,011.45","3,593.85","6,612.57","9,413.00","12,239.35","2,279.84","49,957.26"
2008,7,"1,586.37",670.84,"1,268.75","26,213.14","3,085.34","8,353.20","8,818.29","18,022.13","2,281.73","70,299.77"
2008,8,"2,923.00",519.81,"1,174.81","23,688.02","3,204.49","7,421.31","9,689.05","21,433.95","2,590.62","72,645.06"
2008,9,"3,862.18",338.34,"1,436.34","24,119.98","2,062.24","10,670.45","9,512.51","19,644.67","3,126.31","74,773.03"
2008,10,"5,889.07",919.52,"1,823.01","18,194.13","3,007.78","10,303.52","12,481.80","18,828.83","3,408.17","74,855.83"
2008,11,"8,677.16",736.51,"1,840.20","11,908.77","3,716.53","8,546.96","10,831.03","18,811.09","3,319.66","68,387.90"
2008,12,"4,796.95",459.33,"1,274.28","11,706.75","2,238.52","7,414.89","11,175.34","26,457.78","3,044.05","68,567.90"
2009,1,"4,167.59",569.22,"1,552.29","10,371.98","2,570.02","9,446.31","9,360.43","24,898.02","3,241.31","66,177.18"
2009,2,"5,915.07",326.91,"1,527.31","11,201.26","1,687.00","8,398.14","6,858.50","21,431.67","3,217.28","60,563.13"
2009,3,"8,388.99",442.27,"1,474.37","10,224.58","2,505.01","10,256.73","7,708.38","17,325.90","2,970.55","61,296.80"
2009,4,"8,296.16",190.54,"1,380.71","14,641.62","2,089.91","7,888.04","8,963.34","19,463.29","2,885.59","65,799.21"
2009,5,"8,569.68",351.07,"1,529.99","11,704.67","1,700.19","9,184.05","7,491.89","15,698.30","2,469.78","58,699.61"
2009,6,"6,847.22",327.57,"1,286.61","15,682.87","3,181.81","7,062.83","8,865.01","16,859.28","2,797.59","62,910.79"
2009,7,"8,284.85",520.89,"1,552.16","12,013.06","2,437.05","8,773.99","8,359.23","19,220.90","2,575.97","63,738.10"
2009,8,"6,375.64",901.01,"1,222.69","13,179.14","2,355.64","7,594.78","8,148.65","17,510.57","2,480.05","59,768.18"
2009,9,"4,733.06",382.38,"1,313.52","17,833.06","2,068.82","7,650.17","10,338.89","22,092.53","2,949.02","69,361.44"
2009,10,"6,333.46",380.25,"1,578.81","17,208.77","2,392.91","8,914.65","10,846.68","21,827.25","2,876.60","72,359.38"
2009,11,"9,651.30",335.06,"1,436.76","13,947.00","2,226.92","8,990.52","10,731.18","18,348.67","3,480.92","69,148.32"
2009,12,"8,687.17",441.81,"1,457.30","20,867.46","2,353.62","8,248.80","11,103.51","22,169.81","2,945.13","78,274.61"
2010,1,"8,339.06",322.82,"1,535.66","13,122.76","3,660.98","9,773.32","9,522.41","22,020.39","2,901.49","71,198.89"
2010,2,"4,827.55",261.86,"1,345.87","13,255.83","2,597.31","8,752.99","9,360.75","17,217.94","2,707.49","60,327.58"
2010,3,"5,472.58",188.27,"2,006.48","20,478.93","2,951.26","10,871.28","10,973.00","18,901.70","3,389.92","75,233.43"
2010,4,"4,381.55",579.99,"1,735.06","15,100.76","3,800.42","10,040.54","11,956.53","21,751.93","2,760.57","72,107.34"
2010,5,"4,961.47",839.7,"1,562.27","27,379.65","2,734.96","10,240.82","10,302.27","19,593.54","2,702.07","80,316.75"
2010,6,"3,955.98",734.1,"1,748.42","18,027.50","2,426.46","9,675.99","13,103.76","25,800.59","3,735.43","79,208.22"
2010,7,"4,512.01",817.97,"1,460.04","13,967.64","2,995.52","11,617.24","10,976.91","30,346.62","3,872.26","80,566.22"
2010,8,"4,517.99",801.13,"1,796.31","13,886.03","3,176.42","11,372.99","12,579.37","21,576.25","3,309.67","73,016.16"
2010,9,"9,099.85","1,020.96","2,140.60","17,517.60","3,411.55","10,649.47","12,538.99","28,251.07","4,010.44","88,640.52"
2010,10,"5,504.32",678.4,"1,660.28","19,361.66","3,980.00","10,005.25","11,553.97","26,168.75","3,769.25","82,681.88"
2010,11,"6,388.49",974.9,"1,733.66","17,512.76","3,995.53","13,186.05","12,660.50","41,492.19","4,780.83","102,724.91"
2010,12,"5,301.05",359.25,"2,133.01","22,209.73","3,225.62","10,889.19","15,244.63","29,657.30","4,391.93","93,411.69"
2011,1,"5,750.41",547.23,"2,148.40","27,222.31","4,405.61","14,117.69","12,464.13","19,934.06","3,938.02","90,527.85"
2011,2,"4,139.23",507.79,"1,853.22","23,409.52","5,407.58","13,415.62","14,244.87","19,213.85","3,366.75","85,558.42"
2011,3,"6,340.50",264.05,"2,131.87","30,751.61","6,695.66","14,870.91","15,351.63","28,648.44","4,678.22","109,732.89"
2011,4,"4,608.31",903.86,"1,589.79","23,558.93","3,345.28","13,287.58","12,758.40","22,530.83","4,404.97","86,987.95"
2011,5,"5,069.69",872,"1,603.86","35,125.69","2,174.11","14,039.61","19,583.24","33,352.19","5,009.61","116,829.99"
2011,6,"6,617.69",746.67,"2,299.09","28,930.05","5,693.49","15,141.59","17,189.99","23,429.99","4,256.25","104,304.80"
2011,7,"9,245.85","1,130.02","2,265.21","22,680.29","4,494.68","14,912.44","16,744.82","25,039.81","6,385.27","102,898.39"
2011,8,"10,757.41","1,620.20","2,160.25","42,292.71","8,083.33","14,215.49","20,251.46","31,974.21","4,767.63","136,122.68"
2011,9,"12,323.82",715.98,"2,368.41","28,482.09","4,869.96","13,717.74","19,040.81","36,908.66","5,273.47","123,700.96"
2011,10,"10,409.64","1,085.35","2,386.50","31,010.97","4,274.44","12,150.23","17,732.60","31,705.29","4,982.68","115,737.69"
2011,11,"11,733.21","1,503.83","2,198.47","34,743.90","4,521.65","17,089.42","17,700.97","30,186.94","6,638.50","126,316.89"
2011,12,"10,604.26","1,271.79","2,588.76","34,262.56","5,167.40","15,192.33","17,234.05","26,066.99","4,549.10","116,937.25"
2012,1,"9,068.78",621.74,"2,290.60","26,309.62","6,418.08","15,307.69","14,310.46","22,403.39","4,928.13","101,658.50"
2012,2,"9,537.93",942.45,"2,234.87","24,878.47","4,324.98","15,387.15","16,485.56","23,585.77","4,684.35","102,061.54"
2012,3,"8,580.11",901.45,"2,744.13","41,856.12","4,168.92","16,427.23","16,654.30","28,157.54","5,132.04","124,621.83"
2012,4,"7,567.66",877.72,"2,270.04","24,625.63","5,937.05","13,871.56","13,818.51","29,178.52","4,618.78","102,765.45"
2012,5,"8,949.04",623.39,"2,774.74","33,605.52","3,712.91","14,963.64","20,035.86","38,129.78","5,980.89","128,775.76"
2012,6,"9,044.07",546.51,"1,519.28","26,546.35","7,146.53","11,463.56","15,426.30","35,691.61","4,674.22","112,058.43"
2012,7,"8,309.73",531.42,"2,448.06","31,231.17","4,305.01","17,305.26","18,094.00","35,807.09","5,382.54","123,414.28"
2012,8,"7,651.07",404.34,"2,370.53","21,735.84","5,394.75","15,504.63","16,135.23","41,094.79","5,810.90","116,102.08"
2012,9,"10,064.49",452.7,"1,950.30","19,991.94","2,972.96","12,552.60","14,786.90","36,560.60","8,135.35","107,467.85"
2012,10,"8,301.25",768.34,"2,313.98","24,937.47","2,879.38","15,636.99","16,263.44","34,037.12","5,787.07","110,925.04"
2012,11,"7,189.65","1,274.67","2,180.35","35,271.15","5,351.02","13,652.94","17,567.44","40,757.86","6,649.77","129,894.85"
2012,12,"7,079.70",598.06,"2,380.33","33,923.51","2,293.24","13,309.64","14,917.08","36,085.57","6,470.78","117,057.91"
2013,1,"8,208.88","1,037.62","3,505.55","30,231.55","4,337.41","18,753.40","21,634.91","36,035.38","7,019.82","130,764.52"
2013,2,"7,765.63",586.62,"1,867.16","27,452.45","4,735.15","13,528.90","21,813.34","33,716.41","4,951.96","116,417.60"
2013,3,"6,801.82",527.65,"1,982.28","35,149.26","2,984.61","15,414.24","16,682.68","24,996.00","4,277.46","108,816.01"
2013,4,"9,183.50",499.02,"1,825.67","28,380.74","3,649.95","16,520.98","16,667.42","36,456.08","5,480.84","118,664.19"
2013,5,"7,998.61",446.23,"1,796.13","30,217.71","3,747.79","16,705.30","16,311.81","30,821.25","5,656.68","113,701.52"
2013,6,"8,473.69",473.46,58.01,"18,925.26","4,299.17","14,295.43","15,203.83","28,543.51","6,788.40","97,060.75"
2013,7,"7,672.55",452.94,"2,366.99","24,048.68","4,217.84","18,146.56","20,350.86","40,950.69","6,000.13","124,207.24"
2013,8,"8,071.40",934.08,"2,259.63","26,062.28","3,129.69","14,833.35","21,349.58","32,973.99","10,029.75","119,643.75"
2013,9,"9,363.39","1,155.64","1,988.34","22,978.83","3,788.41","16,770.06","19,500.29","30,786.21","5,986.49","112,317.66"
2013,10,"7,192.92","3,278.22","2,275.05","32,942.09","4,654.00","16,793.75","21,797.94","35,800.72","7,471.73","132,206.44"
2013,11,"5,870.20","1,775.96","1,939.09","25,935.00","3,957.27","16,018.31","16,365.34","32,506.02","11,657.92","116,025.12"
2013,12,"7,580.43","1,333.80","2,072.90","28,006.15","4,575.00","18,423.56","18,551.38","32,556.13","5,882.90","118,982.26"
2014,1,"7,754.55","1,456.63","2,231.07","30,227.46","4,267.89","19,785.61","21,634.29","36,322.08","6,436.87","130,116.45"
2014,2,"9,040.93",636.94,"1,669.87","24,046.14","5,895.71","15,346.33","17,259.93","27,487.42","5,689.00","107,072.27"
2014,3,"6,573.95",542.31,"2,201.55","27,203.54","2,383.29","14,946.65","17,713.57","30,182.11","6,243.42","107,990.37"
2014,4,"7,679.94",744.52,"2,362.11","34,005.02","5,369.62","18,622.89","19,523.71","44,831.16","6,145.63","139,284.61"
2014,5,"8,550.47",405.01,"1,969.66","38,936.34","4,648.57","16,461.46","20,116.86","49,811.47","9,577.80","150,477.64"
2014,6,"10,396.23",427.54,"2,462.18","28,169.78","4,251.98","14,314.73","19,006.74","28,527.98","6,133.08","113,690.24"
2014,7,"7,455.20",342.54,"3,346.66","29,631.80","4,673.86","19,410.06","19,108.51","58,020.84","6,750.09","148,739.56"
2014,8,"8,860.44",650.14,"2,503.79","29,265.46","3,769.71","18,359.44","20,147.53","52,518.06","7,887.85","143,962.43"
2014,9,"10,582.02","1,465.88","2,541.34","34,731.52","2,654.99","16,668.75","19,823.87","63,801.43","7,666.21","159,936.01"
2014,10,"9,890.64","1,789.79","2,620.25","26,871.92","3,739.04","16,688.50","21,992.65","66,305.96","7,503.30","157,402.05"
2014,11,"8,195.27","1,827.83","2,096.38","24,753.13","4,460.58","16,318.27","17,256.49","40,431.47","6,260.70","121,600.12"
2014,12,"11,361.34",782.82,"2,381.90","25,878.74","3,928.63","23,174.49","21,833.80","41,513.59","7,327.38","138,182.69"
2015,1,"10,128.45",944.06,"2,657.60","19,850.86","4,038.22","22,871.24","21,588.75","37,667.70","7,901.64","127,648.51"
2015,2,"11,049.78",969.68,"3,272.04","17,865.87","3,072.21","18,817.24","18,971.16","32,472.76","6,652.74","113,143.49"
2015,3,"9,186.82",500,"1,978.80","14,401.15","4,823.43","17,043.23","23,064.49","34,758.32","6,318.58","112,074.82"
2015,4,"9,396.75",468.23,"2,469.22","20,078.89","3,384.58","20,140.31","22,010.03","43,616.93","8,171.71","129,736.65"
2015,5,"9,677.87",440.35,"2,442.54","25,134.80","5,062.39","19,427.46","21,819.84","53,553.84","6,479.98","144,039.06"
2015,6,"10,866.78",493.89,"2,443.58","21,680.05","3,045.73","20,714.19","21,516.47","39,875.80","7,531.15","128,167.64"
2015,7,"9,391.21",426.35,"2,841.08","24,521.83","4,633.55","20,958.14","23,728.59","45,541.90","12,110.39","144,153.04"
2015,8,"9,577.90",401.9,"2,814.02","21,916.21","4,900.26","16,638.63","20,162.18","41,684.53","7,600.08","125,695.72"
2015,9,"9,967.08","1,335.92","2,960.37","16,942.75","3,583.63","20,605.06","26,455.97","49,813.70","7,078.67","138,743.16"
2015,10,"10,305.53","1,266.72","2,981.32","21,845.85","2,594.42","17,430.11","26,333.34","36,441.93","7,443.45","126,642.65"
2015,11,"9,051.78","1,968.21","2,434.68","19,043.83","3,923.69","19,691.35","19,620.01","79,732.15","7,597.17","163,062.87"
2015,12,"9,394.04",601.34,"2,637.59","20,336.86","4,048.62","18,734.38","18,111.38","39,137.86","11,447.24","124,449.30"
2016,1,"9,437.94","1,635.76","2,588.82","13,531.07","4,022.28","16,477.85","19,955.10","30,985.38","7,849.03","106,483.22"
2016,2,"8,247.52",479.11,"1,869.05","12,550.67","4,640.82","17,225.02","18,202.68","31,559.50","5,683.81","100,458.20"
2016,3,"7,386.94",619.26,"2,396.66","14,813.35","5,604.64","21,721.59","19,702.37","34,846.34","7,329.65","114,420.80"
2016,4,"8,888.22",783.38,"2,547.82","17,368.76","3,939.52","22,894.32","20,551.09","41,853.92","5,983.29","124,810.31"
2016,5,"10,283.60",680.26,"2,947.14","16,846.26","5,085.89","18,198.79","22,249.06","33,274.54","6,602.94","116,168.50"
2016,6,"9,480.48",459.59,"2,751.92","20,542.41","4,189.27","17,656.09","22,324.76","42,790.98","7,021.83","127,217.35"
2016,7,"8,504.53",501.04,"2,521.82","17,921.39","4,797.30","17,461.54","23,661.39","34,011.01","7,940.89","117,320.92"
2016,8,"8,143.62",849.91,"2,688.09","18,991.94","4,380.86","19,832.70","25,152.24","44,273.83","8,610.74","132,923.93"
2016,9,"9,753.47","1,409.66","2,789.37","19,274.15","4,866.23","20,162.54","21,660.80","36,558.25","7,953.38","124,427.85"
2016,10,"10,236.59","1,223.09","2,466.70","19,905.28","3,609.08","18,049.49","19,632.69","32,563.52","7,490.94","115,177.36"
2016,11,"9,303.61","2,187.82","2,538.46","21,033.53","4,417.93","18,321.89","22,889.82","39,327.18","9,311.38","129,331.62"
2016,12,"11,565.06",695.51,"2,518.81","18,919.78","3,731.07","17,921.42","18,864.80","40,589.80","8,208.23","123,014.49"
2017,1,"12,810.04",831.77,"2,575.77","22,639.43","7,385.52","24,155.84","20,455.16","49,716.78","10,163.83","150,734.13"
2017,2,"12,133.94",501.9,"2,616.36","20,097.96","5,469.14","18,106.89","21,217.38","42,052.42","8,644.54","130,840.52"
2017,3,"13,569.13",538.34,"2,392.36","23,003.50","4,480.55","21,907.12","22,401.96","45,633.52","7,202.79","141,129.27"
2017,4,"14,240.80",564.15,"2,271.00","21,135.31","6,655.52","19,597.48","22,428.02","35,100.77","7,068.36","129,061.41"
2017,5,"19,080.76",645.92,"2,460.86","24,566.10","4,665.66","20,946.75","24,311.82","45,016.37","9,727.94","151,422.18"
2017,6,"24,330.12",483.71,"2,219.95","21,548.77","4,055.78","17,369.45","22,613.28","41,711.10","8,681.38","143,013.54"
2017,7,"27,735.45",485.62,"2,126.72","24,547.15","6,532.10","20,511.35","22,931.27","47,977.55","12,726.28","165,573.49"
2017,8,"40,197.85","1,154.57","2,085.28","21,767.65","5,157.71","19,235.90","16,235.63","30,350.77","8,105.44","144,290.78"
2017,9,"20,955.94","2,245.53","2,490.95","22,767.50","6,736.31","18,557.55","24,447.00","36,160.44","7,425.69","141,786.92"
2017,10,"20,259.92",699.66,"2,167.35","24,582.83","4,455.76","20,862.29","22,044.97","43,700.59","9,083.18","147,856.57"
2017,11,"19,327.13","1,607.35","2,443.18","28,677.57","5,768.93","17,549.66","21,626.20","31,977.77","9,172.92","138,150.71"
2017,12,"20,844.91",885.15,"3,060.13","26,703.10","7,190.50","19,158.79","20,349.48","34,425.51","9,145.46","141,763.04"
2018,1,"20,963.85",934.66,"3,064.48","25,484.11","6,919.99","25,030.56","25,168.73","40,531.69","9,418.87","157,516.94"
2018,2,"16,990.90",752.4,"2,365.41","21,408.67","5,646.72","19,124.68","23,063.55","30,386.61","9,204.34","128,943.27"
2018,3,"16,722.51",748.76,"2,649.46","31,392.67","3,925.62","22,774.20","28,024.53","35,423.85","10,376.92","152,038.51"
2018,4,"13,277.75",599.56,"2,561.20","31,142.04","4,471.10","25,134.18","24,534.10","40,208.74","8,073.40","150,002.08"
2018,5,"12,546.53",734.12,"2,688.74","34,230.76","4,238.24","19,929.92","31,715.17","52,015.36","9,921.25","168,020.10"
2018,6,"15,225.44",730.55,"3,052.61","27,311.11","6,628.52","16,924.65","27,029.35","34,343.07","11,280.20","142,525.50"
2018,7,"13,127.01",732.85,"3,653.82","31,473.58","3,217.94","24,123.70","25,426.67","42,409.11","8,483.21","152,647.89"
2018,8,"14,140.96","1,517.13","3,564.73","33,595.78","5,139.99","20,963.10","26,783.10","35,420.17","8,182.01","149,306.97"
2018,9,"10,963.27","2,323.54","2,914.50","23,459.06","3,528.71","18,693.03","22,892.79","35,072.71","9,948.45","129,796.06"
2018,10,"11,877.10","2,007.29","2,885.70","29,318.40","6,799.86","23,107.25","24,982.86","38,516.69","9,751.04","149,246.19"
2018,11,"16,024.12","1,480.68","3,214.27","23,627.27","4,463.66","21,092.82","23,896.20","41,289.99","18,402.78","153,491.79"
2018,12,"11,221.08","1,083.33","2,660.25","30,421.47","4,445.59","17,627.70","21,170.41","34,216.55","3,839.66","126,686.03"
2019,1,"16,451.83","1,132.48","3,462.96","27,462.14","7,964.74","22,230.26","28,027.11","39,607.05","9,581.12","155,919.71"
2019,2,"12,279.60",797.36,"2,165.57","24,760.53","3,557.85","19,823.65","22,247.28","48,702.42","7,934.30","142,268.55"
2019,3,"15,116.76",834.16,"2,770.19","22,523.41","5,381.42","24,400.68","18,675.48","28,241.27","7,308.08","125,251.46"
2019,4,"14,505.70",708.51,"3,534.49","36,796.42","4,499.99","21,546.89","24,493.32","36,062.00","8,004.88","150,152.21"
2019,5,"15,976.92",843.1,"3,925.68","35,984.55","5,247.39","22,699.70","24,684.98","36,485.90","9,988.41","155,836.62"
2019,6,"14,622.51",959.6,"4,268.34","30,480.81","4,774.60","19,727.49","27,582.25","38,358.56","8,665.09","149,439.25"
2019,7,"14,691.28",981.29,"4,062.82","28,380.65","3,843.10","17,280.69","31,671.10","41,339.62","11,339.68","153,590.23"
2019,8,"17,815.61","1,374.90","3,943.95","21,955.47","4,847.93","21,681.44","26,667.34","36,147.66","11,069.94","145,504.24"
2019,9,"14,708.02","2,522.66","3,433.13","29,500.16","3,537.28","20,566.57","24,571.40","41,558.85","8,976.66","149,374.73"
2019,10,"15,209.09","1,692.20","4,237.38","24,888.05","5,296.99","22,114.71","26,118.74","49,457.45","10,160.79","159,175.40"
2019,11,"14,690.28","1,818.29","3,703.91","24,808.63","4,653.38","20,839.07","24,439.53","53,031.71","11,203.19","159,187.99"
2019,12,"14,459.00","1,030.53","3,593.00","29,797.17","6,283.51","20,455.84","23,381.45","48,087.71","8,173.28","155,261.49"
2020,1,"16,069.54","1,030.39","4,073.66","23,133.82","10,349.17","24,034.10","23,868.38","43,135.69","9,736.16","155,430.90"
2020,2,"15,297.91",769.41,"3,200.69","24,837.26","5,729.12","20,225.90","21,023.80","35,214.38","7,165.41","133,463.88"
2020,3,"13,567.77",759.89,"4,057.77","30,983.30","9,642.28","22,221.71","21,181.96","29,527.35","5,618.51","137,560.56"
2020,4,"15,046.33",613.76,"2,451.66","15,427.80","9,425.43","20,394.41","20,293.83","26,362.45","6,407.10","116,422.78"
2020,5,"12,004.89",882.18,"2,812.36","5,882.56","9,083.08","23,729.74","22,014.50","26,428.80","6,411.96","109,250.08"
2020,6,"15,968.65",721.38,"2,339.94","13,895.35","3,609.33","21,300.89","24,705.26","30,487.11","8,542.53","121,570.43"
2020,7,"14,054.68",801.68,"2,348.58","17,884.46","8,177.82","23,969.70","26,313.41","37,018.18","9,194.45","139,762.95"
2020,8,"9,685.44",564.17,"2,325.43","20,676.55","4,905.16","26,077.66","22,287.92","42,766.11","8,500.72","137,789.16"
2020,9,"12,675.46",804.02,"3,364.22","18,271.53","8,720.54","23,570.91","29,062.21","36,934.68","9,933.32","143,336.89"
2020,10,"14,357.56",838.12,"4,391.90","18,722.08","8,436.68","22,324.91","30,009.81","36,291.29","9,791.82","145,164.16"
2020,11,"12,762.16","1,252.12","4,439.68","21,156.34","9,460.28","20,851.60","26,747.77","33,589.96","8,779.72","139,039.63"
2020,12,"16,584.29","1,866.00","4,712.47","20,828.42","6,563.78","25,975.35","29,049.30","45,106.57","10,769.75","161,455.92"
2021,1,"14,927.15","1,243.23","4,166.18","25,094.45","10,457.19","25,250.10","29,250.80","38,794.95","11,533.09","160,717.15"
2021,2,"19,031.40","1,180.06","3,921.28","25,240.71","10,613.07","23,328.78","32,339.93","35,330.69","8,347.61","159,333.53"
2021,3,"18,753.99","1,908.66","4,183.13","28,140.40","4,761.76","36,157.30","38,287.33","43,780.10","11,455.82","187,428.50"
2021,4,"17,818.38","1,223.27","3,643.81","27,671.66","7,972.97","27,057.82","30,654.63","36,395.70","9,251.08","161,689.32"
2021,5,"13,433.86","1,032.67","4,197.73","29,617.38","9,008.21","28,228.49","33,728.90","34,248.12","8,195.13","161,690.48"
2021,6,"16,078.57","1,295.01","4,143.40","26,503.30","8,978.44","25,478.16","30,293.66","37,508.32","9,670.52","159,949.38"
2021,7,"15,439.77",814.42,"3,931.50","32,398.87","9,700.12","25,775.79","37,580.89","41,711.05","9,725.08","177,077.48"
2021,8,"15,881.80","1,127.63","4,535.59","33,717.94","8,185.08","28,108.45","33,402.54","37,213.29","10,535.73","172,708.06"
2021,9,"19,565.94",795.31,"4,089.97","34,303.13","13,400.88","26,861.54","34,567.81","45,383.56","11,461.07","190,429.21"
2021,10,"20,421.13",997.87,"3,619.43","36,131.40","12,462.44","29,020.04","33,188.83","41,719.31","9,935.70","187,496.16"
2021,11,"18,201.50","1,512.61","4,381.02","40,710.69","11,550.80","31,446.95","32,387.51","40,877.08","10,633.76","191,701.92"
2021,12,"15,918.05","1,635.61","4,267.57","41,932.27","13,733.02","33,796.65","33,944.45","46,640.37","11,537.25","203,405.23"
2022,1,"16,216.52","1,748.55","4,216.51","36,276.57","12,933.03","37,290.20","38,984.07","35,992.13","10,522.48","194,180.06"
2022,2,"15,036.71","1,080.53","4,657.95","42,465.55","9,561.80","26,559.62","30,369.13","40,709.64","13,150.30","183,591.23"
2022,3,"18,322.66","1,144.29","3,932.38","50,645.01","12,081.81","39,270.49","39,216.18","37,796.34","10,909.24","213,318.41"
2022,4,"18,356.12","1,200.93","4,058.75","59,781.96","9,447.88","28,707.36","32,671.51","31,003.39","9,834.53","195,062.44"
2022,5,"23,754.45","1,168.68","3,837.30","69,529.72","18,076.04","30,551.81","37,084.97","38,090.62","11,241.21","233,334.80"
2022,6,"23,588.82","1,081.51","4,472.01","52,990.49","15,178.25","35,480.56","39,262.60","43,725.94","11,803.95","227,584.14"
2022,7,"16,052.23","1,063.25","4,457.15","67,448.46","8,467.19","32,203.80","34,780.78","35,945.87","12,478.61","212,897.33"
2022,8,"23,743.80",994.55,"4,638.26","71,532.89","16,206.92","37,959.10","36,357.30","36,383.09","10,636.02","238,451.94"
2022,9,"24,252.59","1,310.61","5,531.37","55,962.22","11,356.67","33,075.81","31,002.78","33,700.80","9,670.66","205,863.52"
2022,10,"19,780.46","1,232.66","4,775.02","53,285.48","6,677.77","26,731.81","28,059.98","36,799.52","10,801.88","188,144.60"
2022,11,"22,088.47","1,729.99","5,327.55","44,075.83","13,086.98","26,838.83","30,980.58","36,220.96","11,632.84","191,982.04"
2022,12,"26,248.65","1,761.28","5,432.09","50,155.57","9,878.47","30,840.08","29,081.03","36,242.74","10,148.41","199,788.32"
2023,1,"23,087.38","1,543.83","4,161.55","43,329.92","15,356.38","37,318.81","27,956.74","31,489.47","10,308.00","194,552.08"
2023,2,"17,631.33","1,496.80","3,861.67","53,247.14","4,905.09","28,810.79","27,161.45","29,184.53","8,992.60","175,291.40"
2023,3,"36,330.14","1,311.76","5,707.21","48,750.09","11,266.65","40,115.17","30,913.59","33,564.14","8,472.25","216,430.99"
2023,4,"24,469.57","1,062.45","4,698.07","61,266.83","10,347.76","37,182.96","28,606.19","30,391.42","10,268.28","208,293.54"
2023,5,"31,103.44","1,474.17","6,074.44","55,197.80","10,554.64","38,608.94","36,977.01","37,568.74","12,720.03","230,279.22"
2023,6,"35,013.93","1,831.48","5,573.83","48,695.84","11,032.09","25,666.90","36,140.46","35,380.52","10,831.34","210,166.39"
2023,7,"25,372.14",896.58,"6,109.97","43,475.42","13,246.67","27,189.19","24,670.96","40,183.85","10,525.99","191,670.77"
2023,8,"38,448.17","1,474.04","5,270.11","60,367.27","16,991.47","29,778.23","30,773.87","44,878.76","10,840.72","238,822.64"
2023,9,"25,306.47","1,103.49","6,100.33","56,227.59","12,753.94","33,865.02","30,041.63","38,686.07","10,857.95","214,942.49"
2023,10,"28,223.79","1,889.49","7,396.95","71,949.03","10,064.54","36,170.25","29,540.82","39,629.72","14,837.44","239,702.03"
2023,11,"23,395.59",985.92,"7,075.05","68,300.78","14,955.61","31,917.27","33,885.63","54,569.68","24,025.58","259,111.12"
2023,12,"21,903.97","1,355.20","6,413.39","57,259.99","7,645.07","35,863.47","33,721.74","41,610.17","13,891.19","219,664.19"
2024,1,"24,889.44","1,360.85","8,071.61","57,333.97","16,719.58","39,038.34","32,385.68","47,462.03","17,143.06","244,404.55"
2024,2,"19,688.15",930.14,"6,247.54","62,600.31","10,226.71","36,243.50","31,612.32","46,887.63","11,976.04","226,412.35"
2024,3,"29,164.48",846.72,"6,621.57","51,617.53","7,911.67","34,009.85","31,208.40","36,597.11","10,251.62","208,228.95"
2024,4,"27,461.32","1,040.14","5,971.01","52,534.38","12,263.16","40,920.79","28,756.22","52,918.89","13,177.69","235,043.61"
2024,5,"20,489.23","1,297.74","6,379.43","48,038.18","7,501.47","34,689.22","30,861.95","47,067.23","15,064.22","211,388.67"
2024,6,"22,807.38",869.93,"5,668.50","56,612.85","11,465.09","33,824.22","29,047.40","37,257.90","11,060.98","208,614.25"
2024,7,"14,277.24","1,230.81","7,287.56","51,081.64","9,638.18","40,050.55","32,007.24","56,672.46","13,808.83","226,054.51"
2024,8,"22,608.78","1,142.27","5,104.22","50,571.86","11,711.48","35,112.58","28,740.80","60,730.67","12,570.24","228,292.88"
2024,9,"24,386.56","1,534.26","8,379.00","48,293.36","10,169.96","34,798.62","29,859.78","51,359.65","12,781.78","221,562.98"
2024,10,"22,659.15","2,246.58","7,629.18","51,268.87","9,083.33","37,338.78","31,963.87","50,054.18","32,271.18","244,515.12"
2024,11,"31,841.85","1,844.29","8,673.83","46,668.59","14,678.04","32,466.19","31,856.05","46,497.68","13,138.63","227,665.15"
2024,12,"17,032.33","1,687.74","5,722.75","46,977.70","17,816.69","29,382.76","35,443.98","48,967.45","14,966.42","217,997.80"
