EXPORTS: SELECTED COUNTRIES OF DESTINATION,,,,,,,,,,,,,
(shillings million),,,,,,,,,,,,,
Year,Month,U.K,GERMANY,U.S.A,NETHERLANDS,UGANDA,TANZANIA,PAKISTAN,FRANCE,EGYPT,BELGIUM,OTHERS,TOTAL
1998,1,"1,420.32",265.96,260.76,455.95,"1,386.42","1,326.01",683.43,138,409.95,104.89,"3,072.64","9,524.32"
1998,2,"1,465.24",243.29,354.02,449.71,"1,204.81","1,205.57",843.48,236.68,439.67,138.76,"3,062.51","9,643.73"
1998,3,"1,570.50",471.28,453.76,499.48,"1,478.77","1,131.00",683.93,143.62,707.57,112.81,"3,259.61","10,512.33"
1998,4,"1,372.71",634.06,227.52,538.16,"1,629.02","1,150.12",661,144.38,611.42,262.89,"3,744.36","10,975.63"
1998,5,"1,721.72",749.17,362.74,454.43,"1,466.80","1,266.80",488.86,185.09,540.72,133.73,"3,716.71","11,086.79"
1998,6,"1,653.09",788.15,284.26,400.1,"1,792.14","1,447.20",879.69,136.97,320.37,308.72,"3,625.88","11,636.55"
1998,7,"1,252.23",701.66,279.28,297.11,"1,916.17","1,297.46",745.46,86.77,350.85,62.49,"3,302.74","10,292.21"
1998,8,952.29,305.91,144.3,233.68,"1,784.96","1,575.85",714.91,106.02,437.89,97.85,"2,795.49","9,149.16"
1998,9,"1,010.36",309.01,193.59,358.32,"1,808.84","1,534.21",858.5,159.65,410.16,95.97,"3,122.78","9,861.40"
1998,10,"1,268.13",329.36,157.88,509.9,"1,728.80","1,390.39",642.08,217.96,519.63,137.43,"2,982.03","9,883.61"
1998,11,"1,361.08",395.13,201.75,476.02,"1,491.65","1,353.36",586.08,138.15,396.69,148.32,"2,540.66","9,088.89"
1998,12,"1,179.62",355.74,189.25,591.61,"1,758.07","1,461.30",497.12,195.62,548.73,100.17,"2,719.42","9,596.66"
1999,1,"1,363.04",247.09,186.97,576.54,"1,784.48","1,222.07",757.45,128.33,450.74,89.15,"2,200.88","9,006.75"
1999,2,"1,269.91",590.83,254.78,602.92,"1,799.63","1,192.18",924.52,168.79,597.5,158.45,"3,054.98","10,614.49"
1999,3,"1,625.91",523.4,221.76,650.88,"1,915.06","1,348.24",975.71,199.11,654.13,121.53,"3,675.67","11,911.40"
1999,4,"1,360.05",481.33,347.45,639.14,"1,712.47","1,022.88",460.05,168.02,600.42,83.95,"3,278.53","10,154.31"
1999,5,"1,244.63",597.88,219.38,540.79,"1,746.04","1,042.46",515.92,195.63,549.11,199.93,"2,997.88","9,849.65"
1999,6,"1,473.36",708.26,314.6,500.35,"1,869.14","1,227.22",766.67,225.11,994.33,161.37,"3,727.88","11,968.29"
1999,7,"1,470.89",922.96,263.11,421.24,"1,744.81","1,063.72",613.02,125.32,481.67,188.95,"3,105.25","10,400.94"
1999,8,"1,430.84",434.56,278.05,438.58,"1,595.86","1,033.84",619.5,142.1,412.23,179.41,"2,912.60","9,477.58"
1999,9,"1,295.14",427.58,174.24,387.5,"1,784.31","1,307.73",650.63,269.91,555.24,104.6,"3,154.41","10,111.30"
1999,10,"1,537.41",324.28,141.88,493.73,"1,731.52","1,117.56",658.66,268.92,438.19,90.68,"2,786.45","9,589.28"
1999,11,"1,555.51",209.15,178.36,495.66,"1,801.27","1,134.24",968.72,215.22,559.72,79.59,"2,662.61","9,860.06"
1999,12,"1,387.49",305.64,181.39,404.65,"1,714.05","1,063.45","1,109.06",183.63,445.88,112.26,"2,726.32","9,633.83"
2000,1,967.56,367.36,170.69,408.33,"1,677.75",833.97,815.22,110.43,965.55,123.97,"2,683.42","9,124.26"
2000,2,"1,710.59",439.87,210.11,511.63,"1,707.76",881.7,"1,190.46",201.05,60.25,106.17,"3,693.33","10,712.92"
2000,3,"1,687.46",607.93,186.66,591.54,"1,822.91",901.61,"1,130.85",217.61,"1,045.01",181.21,"3,513.93","11,886.71"
2000,4,"1,281.79",654.6,219.5,483.61,"1,606.99",699.3,728.22,189.67,400.28,150.71,"3,033.54","9,448.21"
2000,5,"1,469.57",510.91,291.25,658.9,"1,969.45","1,199.07",683.32,171.81,504.2,189.16,"5,026.17","12,673.81"
2000,6,"1,831.89",387.45,205.19,705.37,"1,853.49","1,004.97",17.9,181.67,704.29,250.24,"4,854.70","11,997.16"
2000,7,"1,908.90",424.81,190.02,517.98,"1,914.23",919.01,700.38,168.74,285.72,117.88,"3,762.42","10,910.06"
2000,8,"1,715.11",406.77,216.64,499.84,"2,333.29","1,013.16",817.02,155.34,529.7,185.74,"3,850.31","11,722.91"
2000,9,"1,009.34",472.18,179.39,461.7,"2,168.62",850.95,807.04,161.9,572.64,178.97,"3,323.30","10,186.03"
2000,10,"1,706.32",416.11,334.2,763.4,"2,392.14",959.88,829.09,200.48,411.68,114.55,"3,808.88","11,936.74"
2000,11,"1,635.30",486.98,326.06,855.8,"2,657.94","1,071.01",967.57,208.73,582.92,150.51,"4,072.08","13,014.90"
2000,12,"1,731.40",402.43,273.91,834.54,"2,081.53",757.48,620.65,175.98,504.18,95.02,"3,436.25","10,913.36"
2001,1,"1,746.34",531.42,349.96,848.36,"2,589.41","1,147.16",997.78,172.59,527.99,144.77,"4,481.19","13,536.97"
2001,2,"1,827.42",466.37,253.43,"1,018.01","2,400.81",842.33,792.11,142.44,658.01,291.4,"5,435.41","14,127.74"
2001,3,"1,997.09",567.65,305.94,964.99,"2,194.91",950.48,870.3,176.68,546.05,260.6,"5,333.86","14,168.56"
2001,4,"1,462.67",573.93,359.51,755.87,"2,263.31",847.7,587.51,208.35,390.69,124.13,"3,836.95","11,410.62"
2001,5,"1,555.33",351.31,375.3,855.39,"2,842.64","1,175.24",802.84,240.47,633.14,99.07,"4,488.30","13,419.03"
2001,6,"1,619.79",437.12,368.2,679.87,"2,414.84","1,069.48",766.9,164.73,883.75,144.59,"4,385.01","12,934.28"
2001,7,"1,508.57",341.33,305.89,611.06,"2,678.27","1,155.46",835.61,263.67,647.7,103.74,"6,399.15","14,850.46"
2001,8,704.89,349.07,266.53,"1,464.37","2,618.48","1,229.10",673.88,188.2,491.2,122.14,"4,453.73","12,561.59"
2001,9,559.21,299.84,216.57,651.82,"2,313.05","1,149.95",490.35,215.52,341.18,157.08,"4,057.31","10,451.87"
2001,10,823.77,376.51,228.68,924.96,"2,474.66","1,381.80",534.82,167.32,492.88,132.95,"4,133.31","11,671.65"
2001,11,"1,444.79",465.89,224.34,950.19,"2,460.78","1,302.59",603.49,192.47,840.77,178.34,"3,938.02","12,601.68"
2001,12,"1,275.93",323.92,118.48,867.8,"2,168.60","1,017.84",585,162.36,539.6,189.9,"3,728.14","10,977.56"
2002,1,"2,147.16",312.71,280.78,"1,033.42","2,875.30","1,307.85","1,106.82",154.63,759.63,110.29,"4,368.05","14,456.64"
2002,2,"1,649.22",441.51,181.44,"1,167.32","2,250.78","1,338.27",725.1,217.91,639.5,184.94,"4,541.55","13,337.53"
2002,3,"1,682.63",342.87,236.33,917.86,"2,302.29",978.86,864.67,84.14,738.45,206.29,"4,569.32","12,923.72"
2002,4,"1,381.41",472.25,407.82,"1,085.89","2,403.42","1,022.31",636.3,601.59,537.18,394.78,"5,734.06","14,677.01"
2002,5,"1,658.66",486.63,419.03,894.28,"2,875.64","1,059.19",603.15,178.41,608.41,235.56,"6,637.62","15,656.57"
2002,6,"1,386.79",266.16,544.72,589.2,"2,540.70","1,141.62",541.48,118.32,601.4,149.41,"5,120.05","12,999.86"
2002,7,"1,635.67",422.99,318.67,672.27,"2,707.04","1,218.31",759.98,131.6,614.85,240.59,"6,839.78","15,561.75"
2002,8,"1,692.34",279.8,211.03,947.22,"2,429.49","1,259.19",718.07,145.24,524.9,136.13,"5,066.22","13,409.63"
2002,9,"1,858.31",315.11,151.48,808.68,"2,803.01","1,231.75",618.15,247.15,388.03,131.51,"6,625.81","15,178.98"
2002,10,"1,632.13",336.69,192.17,912.26,"2,800.92","1,356.87",665.17,196.96,476.13,171.23,"5,951.13","14,691.68"
2002,11,"1,661.39",303.26,217.74,"1,059.03","2,525.99","1,339.42",640.07,170.5,443.81,147.76,"5,468.39","13,977.38"
2002,12,"1,242.23",397.85,216.2,939.34,"2,763.07",924.75,461.68,125.62,419.56,182.9,"4,718.53","12,391.73"
2003,1,"1,999.37",668.75,214.51,"1,199.25","2,617.83","1,756.21","1,083.55",252.18,481.17,264.3,"6,200.26","16,737.38"
2003,2,"2,141.45",893.84,180.61,"1,549.54","2,565.70","1,328.16",870.45,254.77,543.1,233.43,"6,634.89","17,195.94"
2003,3,"1,844.93",418.84,231.99,"1,232.68","2,391.07","1,256.05",940.27,267.35,466.98,218.31,"6,852.41","16,120.88"
2003,4,"2,042.90",354.59,272.01,"1,378.04","2,321.08","1,023.42",860.07,244.35,511.63,111.4,"5,770.61","14,890.11"
2003,5,"1,834.38",461.29,241.89,"1,048.13","2,473.11","1,091.45",500.16,221.91,369.35,163.53,"6,401.37","14,806.56"
2003,6,"1,191.14",405.29,284.11,895.53,"2,438.26","1,089.89",653.38,251.67,516.29,151.93,"6,714.51","14,591.99"
2003,7,"1,483.02",294.38,296.66,987.66,"2,746.23","1,006.36",717.36,215.75,519.15,168.11,"6,048.60","14,483.28"
2003,8,"1,940.01",336.95,251.83,835.4,"2,462.61","1,543.28",486.76,224.02,337.67,99.37,"5,224.06","13,741.95"
2003,9,"1,483.01",313.56,234.7,"1,042.41","2,790.42","1,351.62",621.83,332.35,428.09,416.3,"5,985.78","15,000.08"
2003,10,"2,132.88",501.16,164.11,"1,255.37","3,061.61","1,094.09",822.3,250.49,447.98,163.26,"5,485.27","15,378.53"
2003,11,"1,649.76",243.99,262.48,"1,356.25","2,323.48","1,080.42",993.78,251.76,455.7,140.04,"6,983.07","15,740.76"
2003,12,"1,580.47",437.52,161.33,"1,358.52","2,470.82",967.09,601.63,333.65,375.68,202.12,"5,944.76","14,433.59"
2004,1,"1,875.08",402.3,291.99,"1,420.13","2,653.14","1,193.87","1,295.15",253.14,712.21,93.38,"6,200.18","16,390.57"
2004,2,"1,588.65",414.94,277.89,"1,565.83","2,809.99","1,168.29",685.59,349.11,502.01,167.2,"5,970.86","15,500.35"
2004,3,"1,589.64",414.73,197.06,"1,565.99","3,008.51","1,160.96",687.15,349.47,514.97,167.2,"6,149.87","15,805.56"
2004,4,"1,747.22",483.48,353.6,"1,634.39","2,986.89","1,335.16",617.6,367.68,546.92,312.2,"6,932.50","17,317.63"
2004,5,"1,664.25",509.87,284.18,"1,369.76","3,115.28","1,271.62","1,051.02",353.54,629.6,272.21,"7,401.30","17,922.62"
2004,6,"1,838.23",399.97,844.76,"1,329.75","2,936.41","1,556.38",846.13,213.71,854.9,229.34,"6,672.64","17,722.23"
2004,7,"1,657.58",253.6,541.77,"1,111.84","3,143.56","1,676.62",802.42,276.1,613.4,179.71,"8,810.62","19,067.21"
2004,8,"2,135.24",262.06,350.41,962.68,"3,147.04","1,817.85","1,055.13",303.16,331.34,186.56,"7,004.86","17,556.35"
2004,9,"1,705.59",251.77,303.57,"1,355.91","2,953.92",791.03,803.3,303.06,711.97,149.32,"7,222.82","16,552.26"
2004,10,"1,965.24",332.57,277.47,"1,629.70","2,559.61","1,267.67",975.81,231.02,528.13,196.13,"6,975.82","16,939.18"
2004,11,"2,386.53",339.9,245.71,"1,504.28","3,120.64","1,613.07","1,095.82",332.91,438.37,221.39,"9,269.16","20,567.78"
2004,12,"2,023.77",461.35,182.14,"1,470.65","3,516.04","1,609.34","1,221.05",243.98,380.02,274.92,"8,134.71","19,517.97"
2005,1,"1,978.84",338.07,271.38,"1,833.21","3,171.43","1,371.10","1,135.98",261.95,526.16,174.71,"8,777.25","19,840.09"
2005,2,"2,008.21",480.2,370.72,"1,425.77","4,822.30","1,370.01","1,252.46",281.46,604.7,217.29,"7,699.44","20,532.56"
2005,3,"1,858.79",520.35,278.67,"1,826.50","3,930.83","1,727.49","1,038.30","1,309.74",474.74,338.08,"9,823.31","23,126.80"
2005,4,"1,906.21",823.18,453.25,"1,847.50","3,737.60","1,626.64","1,232.92",347.83,513.41,217.25,"8,501.27","21,207.05"
2005,5,"2,366.51",368,573.09,"1,731.66","3,978.98","1,774.66","1,078.69",416.99,784.86,387.97,"8,411.66","21,873.08"
2005,6,"2,022.92",523.7,813.14,"1,590.46","3,779.78","1,710.76","1,018.26",430.79,505.83,387.51,"9,119.59","21,902.73"
2005,7,"1,917.35",343.38,348.49,"1,252.57","3,663.35","1,656.89",871.06,311.91,"1,079.57",120.15,"8,167.06","19,731.78"
2005,8,"1,631.37",246.23,338.02,"1,063.07","3,902.83","1,920.36","1,774.21",317.15,701.51,130.34,"8,552.09","20,577.19"
2005,9,"1,871.03",346.8,314.19,"1,139.71","3,860.25","1,789.79","1,332.19",404.81,485.87,226.12,"8,198.44","19,969.19"
2005,10,"1,925.42",379.36,298.64,"1,414.13","2,601.47","1,512.51",809.15,347.5,"1,644.38",292.32,"7,418.02","18,642.90"
2005,11,"1,912.86",365.1,224.08,"1,574.41","2,715.27","1,926.37","1,014.58",349.26,549.21,186.52,"7,323.28","18,140.95"
2005,12,"1,917.39",477.08,188.83,"1,585.34","2,270.95","1,480.71","1,514.52",301.11,968.27,242.11,"7,240.98","18,187.31"
2006,1,"2,020.33",512.92,323.05,"1,671.54","2,318.00","1,542.53","1,232.45",357.7,595.75,163.06,"6,440.87","17,178.20"
2006,2,"2,322.12",381.4,227.98,"1,904.44","1,632.08","1,298.48","1,565.61",297.51,935.05,169.98,"7,305.07","18,039.72"
2006,3,"2,387.12",483.87,"1,231.36","1,804.77","2,548.24","1,526.27","1,651.55",372.56,599.53,225.52,"8,293.35","21,124.14"
2006,4,"1,950.00",410.34,"1,473.90","1,643.76","1,898.57","1,207.88",635.51,315.17,635.65,236.18,"7,501.96","17,908.92"
2006,5,"2,145.95",505.4,"1,818.09","1,727.79","2,129.91","1,644.92",988.66,365.82,"1,073.82",240.33,"8,758.99","21,399.68"
2006,6,"2,293.65",440.1,"2,033.40","1,437.93","2,415.12","1,556.28","1,229.61",295.17,"1,013.12",135.97,"8,939.05","21,789.39"
2006,7,"2,321.91",232.29,"2,238.28","1,256.55","2,293.35","1,650.67","1,503.17",261.55,"1,161.76",140.34,"10,147.78","23,207.66"
2006,8,"2,594.07",362.87,"1,847.37","1,289.67","2,770.86","1,709.65","1,095.81",268.62,999.56,101.76,"10,268.70","23,308.94"
2006,9,"2,355.35",320.84,"1,926.20","1,446.63","2,481.63","1,641.19","1,053.36",307.58,751.37,206.21,"9,064.84","21,555.21"
2006,10,"2,137.61",314.27,"1,583.69","1,750.48","2,157.48","1,545.08","1,090.50",306.12,748.55,133.54,"8,142.72","19,910.04"
2006,11,"2,402.74",438.4,"1,672.93","1,846.97","2,794.52","1,693.07","1,281.50",397.83,706.56,143.34,"9,474.51","22,852.36"
2006,12,"2,226.00",195.72,"1,357.20","1,867.85","2,343.18","1,238.95","1,214.20",291.57,650.55,216.2,"8,024.57","19,625.99"
2007,1,"2,530.56",403.27,"1,294.02","1,956.12","2,406.24","1,739.74","1,796.17",203.05,721.51,142.32,"7,684.71","20,877.69"
2007,2,"2,383.37",526.56,"1,749.96","1,959.60","2,766.77","1,793.77","1,492.59",314.38,"1,363.91",214.52,"9,651.25","24,216.67"
2007,3,"2,354.19",505.13,"1,768.79","1,903.27","2,538.77","2,032.33","1,593.22",311.25,938.67,219.1,"9,347.90","23,512.62"
2007,4,"1,970.29",360.77,"1,468.97","1,842.28","2,435.67","1,548.79","1,074.45",279.46,811.29,258.02,"8,416.76","20,466.74"
2007,5,"2,264.74",552.71,"1,843.61","2,176.04","2,899.64","1,941.13","1,249.81",301.59,"1,094.79",184.28,"10,536.13","25,044.47"
2007,6,"2,300.44",622.68,"1,914.27","1,643.58","2,627.92","1,860.68","1,217.87",261.18,689.08,221.69,"9,454.63","22,814.03"
2007,7,"2,354.42",587.65,"1,519.82","1,794.32","2,659.00","2,035.98","1,356.92",323.22,244.05,253.02,"10,556.13","23,684.54"
2007,8,"2,382.92",436.18,"1,717.95","1,373.80","3,655.44","2,080.82",903.91,321.77,483.81,181.37,"10,352.66","23,890.63"
2007,9,"2,326.82",282.26,"1,326.32","1,525.22","2,964.41","1,875.79",904.07,445.39, -   ,261.61,"9,352.57","21,264.45"
2007,10,"3,068.18",529.11,"1,563.18","2,189.76","3,162.74","1,899.06",550.34,433.66,668.92,220.13,"10,399.18","24,684.25"
2007,11,"2,810.58",576.2,"1,649.23","2,050.24","3,505.26","2,108.34",845.69,456.61,859.6,212.21,"10,999.80","26,073.75"
2007,12,"2,038.75",569.64,"1,375.55","1,504.21","1,948.91","1,410.59",540.86,299.75,442.76,222.84,"7,712.08","18,065.93"
2008,1,"3,430.50",562.5,"1,245.30","2,729.03","2,828.09","1,809.11",795.94,426.55,592.37,231.28,"9,102.85","23,753.53"
2008,2,"3,858.54",669.24,"1,975.69","2,878.64","3,669.75","2,177.32","1,031.38",372.62,"1,310.24",305.66,"14,078.10","32,327.17"
2008,3,"3,118.21",591.34,"1,384.61","2,258.76","3,452.54","1,878.34",692.93,389.82,"1,569.90",257.87,"11,521.14","27,115.46"
2008,4,"2,894.67",529.26,"1,636.81","2,046.07","3,963.37","2,414.46",931.55,430.8,"2,133.44",239.89,"11,965.86","29,186.19"
2008,5,"3,000.08",422.44,"1,512.49","2,006.93","2,903.37","1,873.91","1,311.21",307.5,674.32,273.67,"11,453.70","25,739.61"
2008,6,"2,869.38",448.53,"1,666.11","2,125.89","2,766.05","2,533.16","1,179.87",365.31,671.16,231.78,"10,452.71","25,309.94"
2008,7,"3,188.00",373.22,"1,590.02","1,705.16","4,210.78","2,599.10","2,054.04",525.91,995.77,220.81,"12,876.09","30,338.89"
2008,8,"2,982.24",328.17,"2,231.04","1,665.35","3,562.39","2,791.14","1,274.73",435.12,"1,489.66",177.23,"12,816.35","29,753.42"
2008,9,"2,964.35",540.03,"1,916.27","1,818.69","3,522.68","2,907.33",973.24,441.95,"1,187.38",208.09,"12,007.57","28,487.59"
2008,10,"3,608.37",641.31,"1,670.34","2,558.78","4,154.00","2,704.14","1,117.78",453.7,"1,713.15",173.74,"13,744.89","32,540.21"
2008,11,"3,057.02",474.03,"1,887.73","2,136.23","3,272.42","2,762.77","1,054.59",314.78,"1,242.73",305.83,"12,550.51","29,058.65"
2008,12,"2,938.72",534.32,"1,789.34","2,139.53","3,972.18","2,656.07","1,518.21",364.77,"1,917.16",187.97,"11,325.56","29,343.83"
2009,1,"2,970.46",730.97,"1,162.37","2,480.58","3,696.99","2,554.72","2,078.13",405.98,962.96,288.4,"10,028.19","27,359.75"
2009,2,"3,199.50",662.15,"1,746.95","2,544.95","4,403.58","2,103.05","1,279.43",489.42,857.68,205.87,"11,183.64","28,676.20"
2009,3,"3,378.88",548.43,"1,760.82","2,447.81","4,061.81","2,446.47",761.97,477.94,"1,193.66",422.68,"13,969.25","31,469.71"
2009,4,"2,934.19",726.94,"1,257.25","2,001.45","3,761.74","2,464.64",966.53,303.27,785.71,293.69,"10,852.86","26,348.27"
2009,5,"2,499.14",654.39,"1,803.13","1,945.33","3,595.94","2,077.54",927.86,303.17,750.43,358.26,"10,863.08","25,778.27"
2009,6,"3,072.54",610.6,"1,610.80","2,147.88","3,347.55","2,693.75","1,220.10",334.38,857.91,294.92,"11,975.80","28,166.23"
2009,7,"3,502.00",578.47,"1,408.62","2,257.34","4,676.34","2,892.64","1,583.50",356.44,"1,133.23",268.12,"12,876.36","31,533.06"
2009,8,"2,977.60",514.8,"1,649.97","1,519.57","3,376.16","2,258.15",926.67,359.63,932.32,245.39,"13,286.14","28,046.40"
2009,9,"3,333.78",626.63,"1,351.52","1,981.87","3,321.00","2,793.83","1,265.54",290.53,"1,268.36",254.04,"12,589.71","29,076.80"
2009,10,"3,391.09",534.17,"1,346.30","2,014.81","3,650.77","3,074.25","1,214.94",368.81,701.02,366.82,"11,681.30","28,344.30"
2009,11,"3,157.52",489.14,"1,145.61","2,122.40","4,083.15","2,626.41","1,646.09",232.08,"1,212.82",131.35,"13,032.17","29,878.75"
2009,12,"4,077.96",628.29,"1,178.85","2,866.88","4,264.86","2,101.13","1,300.83",321.48,"1,218.05",260.16,"12,052.47","30,270.94"
2010,1,"3,521.58",548.19,955.42,"2,429.66","2,856.91","2,186.12","1,706.88",251.48,"1,652.04",523,"13,971.31","30,602.58"
2010,2,"3,616.26",646.65,"1,460.15","2,319.70","4,054.59","2,296.74","1,805.74",284.99,"1,720.95",371.4,"14,777.67","33,354.84"
2010,3,"4,108.92",735.75,"1,257.45","2,762.50","4,150.28","2,695.32","1,341.31",468.15,"1,652.10",477.86,"15,094.29","34,743.93"
2010,4,"3,270.90",686.1,"1,371.44","2,148.07","4,044.34","2,521.30",939.12,356.28,"1,554.52",441.3,"13,935.88","31,269.25"
2010,5,"3,210.01",663.29,"1,685.56","2,408.42","3,691.56","2,496.53","1,303.15",314.6,"1,804.03",273.22,"15,391.32","33,241.70"
2010,6,"3,172.30",667.17,"1,650.72","1,899.07","3,959.99","2,860.52","1,684.26",338.16,"1,424.56",421.38,"14,961.36","33,039.49"
2010,7,"2,949.17",537.76,"1,683.04","1,576.44","4,742.87","3,046.17","1,398.89",436.12,"1,425.14",173.74,"16,866.04","34,835.39"
2010,8,"2,572.36",428.46,"2,054.97","1,550.61","4,370.67","3,120.63","1,492.26",467.29,"1,437.47",208.22,"12,606.91","30,309.84"
2010,9,"3,301.22",775.19,"2,368.33","1,845.08","4,940.54","3,241.70","1,120.66",563.43,"1,337.68",347.09,"15,202.91","35,043.83"
2010,10,"2,945.57",575.01,"1,704.86","2,401.73","4,855.28","2,728.82","1,249.32",506.18,"1,068.31",285.45,"13,931.89","32,252.42"
2010,11,"3,888.95",620.36,"1,695.01","2,691.95","5,269.18","3,450.08","2,031.56",530.55,"1,446.47",348.82,"17,309.21","39,282.14"
2010,12,"3,596.42",634.45,"4,290.96","2,762.60","5,171.84","2,669.54","1,996.12",570.32,"1,593.03",261.34,"16,679.90","40,226.51"
2011,1,"4,031.59",644.31,"1,388.05","2,438.88","6,006.45","2,531.59","2,014.08",406.12,968.32,281.96,"14,746.43","35,457.78"
2011,2,"3,685.27",742.53,"1,547.86","3,009.62","5,766.63","3,185.54","1,731.72",498.87,"1,403.62",759.87,"16,452.87","38,784.40"
2011,3,"3,673.76",665.08,"1,802.05","3,176.63","6,140.83","3,415.11","1,808.28",578.8,"1,771.18",241.24,"20,602.56","43,875.51"
2011,4,"3,672.69",528.54,"2,089.28","2,810.62","6,221.66","2,713.30","1,242.27",550.77,"2,299.14",504.7,"16,784.23","39,417.20"
2011,5,"3,697.35",739.76,"2,190.45","2,720.33","6,542.85","3,144.68","1,170.86",514.44,"1,477.82",299.82,"18,276.44","40,774.79"
2011,6,"3,851.89",496.69,"2,644.56","2,948.35","6,773.61","3,163.12","1,736.82",466.34,"2,484.29",274.21,"18,974.39","43,814.26"
2011,7,"3,578.78",509.73,"2,398.05","2,309.12","6,409.96","4,124.77","1,968.03",386.86,"2,660.91",185.49,"20,134.29","44,665.99"
2011,8,"4,078.98",680.02,"3,356.23","2,116.93","6,818.92","3,879.14","2,027.87",517.27,"3,023.30",281.6,"19,490.31","46,270.57"
2011,9,"3,680.70",810.73,"2,444.24","3,179.69","6,817.73","4,455.82","1,454.20",556.82,"1,489.44",379.43,"20,988.84","46,257.64"
2011,10,"4,506.28",807.81,"2,136.82","2,859.68","5,576.37","3,898.52","1,892.30",510.06,"1,863.61",333.48,"20,884.34","45,269.28"
2011,11,"4,599.63",549.71,"1,884.81","2,900.21","6,973.47","3,696.52","1,889.66",365.65,"2,178.10",507.85,"18,983.91","44,529.49"
2011,12,"3,671.71",399.82,"1,827.54","2,310.33","5,905.77","3,455.92","2,073.46",257.68,"1,787.92",359.18,"19,870.54","41,919.87"
2012,1,"3,366.91",687.26,"1,695.19","2,770.04","6,055.64","3,322.38","2,460.86",222.66,"2,377.42",404.71,"19,002.04","42,365.12"
2012,2,"3,214.40",859.8,"1,981.86","3,026.43","5,995.97","4,361.20","2,274.45",319.27,"2,068.08",616.69,"19,362.36","44,080.50"
2012,3,"2,832.89",910.22,"1,966.88","2,770.94","6,603.16","4,111.93","1,755.65",440.62,"1,875.91",696.78,"20,397.40","44,362.36"
2012,4,"3,127.35",785.95,"1,864.41","2,722.49","4,066.06","3,045.21","1,400.21",475.31,"1,432.66",535.06,"20,585.01","40,039.72"
2012,5,"3,292.05","1,099.79","2,084.26","2,800.09","5,809.46","4,124.02","1,108.34",378.12,"1,420.79",327.53,"19,922.33","42,366.78"
2012,6,"3,439.89","1,032.09","2,772.19","2,176.12","5,173.95","3,629.28","1,709.23",413.08,"1,675.30",288.43,"18,954.06","41,263.62"
2012,7,"4,003.90",575.78,"2,700.93","1,949.95","5,553.15","3,404.32","1,295.58",429.1,"1,470.52",526.79,"20,991.73","42,901.77"
2012,8,"3,534.45",955.73,"2,715.60","1,808.86","5,542.88","4,277.00",9.58,465.47,"1,585.78",411.36,"22,577.25","43,883.96"
2012,9,"3,468.04",694.66,"2,399.25","2,171.13","5,894.72","3,611.38","2,087.40",600.94,"1,935.76",390.25,"18,573.05","41,826.56"
2012,10,"3,755.87",727.69,"2,264.85","3,426.87","5,501.28","4,347.44","2,383.73",509.38,"2,236.36",416.43,"22,974.15","48,544.04"
2012,11,"3,403.07",844.82,"1,918.40","2,709.02","6,051.84","4,138.72","3,158.15",336.55,"2,122.46",349.59,"21,025.02","46,057.64"
2012,12,"3,191.52",597.29,"2,033.00","2,723.88","4,464.44","3,663.27","2,477.40",323.77,"1,263.36",302.91,"19,111.51","40,152.34"
2013,1,"3,924.89",698.34,"2,058.66","2,936.47","5,812.64","4,178.17","3,099.68",461.08,"2,237.81",346.7,"21,361.88","47,116.32"
2013,2,"3,805.84",764.3,"2,398.91","3,347.65","7,101.21","3,373.26","3,340.30",432.93,"1,220.65",490.16,"20,426.45","46,701.68"
2013,3,"2,806.35",755.98,"2,142.62","3,057.69","4,615.91","2,748.34","1,791.72",386.22,"1,477.68",378.35,"17,994.28","38,155.14"
2013,4,"2,821.64",644.31,"2,587.32","2,745.30","6,592.67","3,238.38","1,380.58",617.53,"1,635.47",312.92,"20,011.71","42,587.84"
2013,5,"2,970.05",899.15,"2,359.94","2,847.30","6,022.78","3,080.23","1,560.84",358.05,"1,566.77",380.08,"21,555.93","43,601.12"
2013,6,"3,113.37",809.57,"2,598.56","2,102.39","4,358.92","3,112.07","1,932.86",332.53,"1,271.95",322.64,"18,689.30","38,644.17"
2013,7,"2,899.01",537.77,"2,837.04","2,737.28","5,425.57","3,670.03","2,573.68",348.75,935.61,389.84,"19,171.93","41,526.51"
2013,8,"2,737.49",514.01,"3,182.58","1,654.27","5,076.90","3,601.17","1,408.76",522.39,"1,473.22",538.16,"20,101.64","40,810.59"
2013,9,"2,812.63",579.88,"2,495.02","2,150.41","4,912.28","3,766.84","1,277.07",611.06,"1,020.54",989.83,"20,684.96","41,300.52"
2013,10,"3,216.19",638.19,"2,590.21","2,955.65","5,191.68","4,017.44","1,250.69",585.97,947.67,751.25,"17,101.73","39,246.66"
2013,11,"3,302.23",738.39,"2,672.62","2,952.07","5,950.85","3,828.43","2,037.65",341.88,"1,443.94",722.1,"20,311.06","44,301.22"
2013,12,"3,202.83",664.17,"2,012.63","3,091.64","4,756.17","2,605.57","2,476.29",380.85,"1,770.15",570.89,"18,777.08","40,308.27"
2014,1,"3,266.40",886.29,"2,490.43","3,818.54","6,463.20","3,271.32","2,085.75",451.06,"1,554.38",327.58,"18,447.51","43,062.47"
2014,2,"2,915.08",916.91,"2,614.09","3,817.37","5,830.13","3,962.42","1,359.87",406.07,"1,267.58",332.67,"19,225.63","42,647.83"
2014,3,"3,473.91","1,184.98","2,857.59","4,201.72","5,566.01","3,456.67","1,317.45",483.35,"1,785.22",444.83,"24,061.08","48,832.81"
2014,4,"2,956.90",926.59,"3,192.30","3,274.32","4,696.67","3,447.73","1,711.36",493.03,"1,339.19",348.89,"26,608.43","48,995.41"
2014,5,"2,869.51","1,402.34","3,603.55","3,664.59","4,641.98","4,278.75","1,758.61",598.72,"1,673.99",488.28,"22,885.69","47,866.02"
2014,6,"3,149.45",991.3,"3,697.48","3,752.80","3,735.75","3,314.38","1,723.47",422.96,"1,920.33",885.09,"20,567.29","44,160.29"
2014,7,"3,274.14","1,195.51","3,639.21","2,934.53",904.1,"4,089.91","2,247.87",621.08,"1,550.60",586.07,"21,958.04","43,001.07"
2014,8,"2,944.10",540.85,"3,464.70","2,245.31","4,373.45","3,618.90","2,068.38",590.42,"1,196.57","1,566.58","21,352.47","43,961.71"
2014,9,"2,855.74",592.42,"2,945.80","2,840.04","5,184.86","3,581.72","1,707.41",593.24,"1,086.46",592.36,"18,493.21","40,473.27"
2014,10,"2,842.90",555.09,"3,512.42","2,950.86","4,473.67","2,780.09","1,438.74",412.33,"1,439.72",487.68,"23,246.47","44,139.98"
2014,11,"2,361.66",800.6,"3,600.85","3,201.19","4,854.88","2,706.42","1,801.98",310.23,"1,546.60",407.32,"21,301.60","42,893.33"
2014,12,"3,005.70",791.08,"2,671.32","3,284.59","4,332.49","3,503.97","2,800.52",282.29,"1,108.00",293.33,"19,083.77","41,157.08"
2015,1,"3,390.29","1,312.52","2,766.85","3,399.24","4,296.01","2,266.82","2,047.25",266.2,982.81,363.68,"20,071.32","41,162.98"
2015,2,"3,527.16","1,090.64","2,701.59","4,057.32","5,598.53","2,236.31","2,997.47",295.41,"1,329.11",269.3,"18,543.16","42,645.98"
2015,3,"3,681.34",387.2,"3,188.40","4,034.89","5,419.78","2,718.15","1,799.64",387.2,"1,639.38",331.42,"24,119.51","47,706.93"
2015,4,"2,699.10",503.17,"2,573.89","3,807.04","4,410.47","2,176.44","1,351.56",503.17,"1,680.85",203.51,"19,971.65","39,880.86"
2015,5,"2,685.44",521.12,"3,125.32","2,999.56","5,048.56","3,497.34","1,763.78",521.12,"1,341.73",410.37,"24,051.32","45,965.66"
2015,6,"2,669.45",732.75,"3,539.85","2,310.22","4,947.26","2,765.26","3,514.79",515.46,"1,958.37",327.58,"24,248.54","47,529.52"
2015,7,"3,929.68",578.76,"4,385.84","3,784.78","10,328.43","3,080.32","2,844.75",578.76,"2,148.44",585.28,"27,159.23","59,404.27"
2015,8,"4,119.70",767.31,"4,929.54","4,581.77","8,213.12","2,343.87","1,972.44",767.31,"1,439.59",514.15,"25,426.16","55,074.98"
2015,9,"3,391.65",651.06,"3,211.99","3,532.60","5,610.74","2,809.09","3,513.74",651.06,"1,662.68",384.33,"24,522.85","49,941.80"
2015,10,"3,956.73",514.89,"2,953.27","3,598.40","5,402.06","3,181.44","4,508.78",514.89,"2,379.35",463.42,"24,705.57","52,178.80"
2015,11,"3,335.03",488.98,"3,989.81","2,575.86","4,748.70","3,412.33","4,304.66",488.98,"1,492.05",319.76,"23,500.83","48,657.00"
2015,12,"3,282.74",584.55,"3,358.27","3,359.71","4,550.25","3,176.01","4,630.74",584.55,"2,111.92",367.01,"24,890.71","50,896.47"
2016,1,"3,921.49",714.39,"2,865.27","4,254.00","4,643.56","3,258.75","2,503.40",479.77,"1,616.53",462.05,"23,304.30","48,023.50"
2016,2,"3,455.76",675.89,"3,109.10","4,671.27","4,706.95","3,350.04","2,569.42",368.85,"1,842.31",708.44,"26,832.38","52,290.42"
2016,3,"3,490.11","1,325.55","3,129.17","5,039.84","6,268.26","4,038.09","2,350.95",565.88,"1,937.64",946.45,"24,937.55","54,029.50"
2016,4,"3,162.46","1,492.51","2,996.59","3,572.28","6,322.83","2,459.44","2,450.67",584.67,"2,117.72",330.44,"20,809.38","46,298.98"
2016,5,"2,978.62","1,070.40","3,360.86","3,788.68","4,220.58","3,438.84","3,164.09",500,"1,845.98",540.53,"24,952.70","49,861.29"
2016,6,"3,129.75",978.98,"3,784.42","3,125.38","4,663.50","2,767.05","4,994.42",536.14,"1,896.30",328.49,"22,008.54","48,212.97"
2016,7,"3,053.92",989.26,"4,874.06","2,843.92","6,117.59","2,090.91","3,380.16",534.27,"2,096.63",325.33,"21,671.56","47,977.61"
2016,8,"2,985.94",887.83,"3,804.90","2,894.92","4,899.29","2,378.75","3,194.70",495.92,"1,810.36",246.11,"23,485.40","47,084.12"
2016,9,"2,782.60",969.31,"4,363.64","3,267.17","4,551.69","2,630.60","3,026.19",665.57,"1,860.65",273.38,"21,512.02","45,902.84"
2016,10,"2,128.65",829.76,"3,311.32","2,592.69","5,348.78","2,447.73","2,951.58",527.47,"1,065.75",214.1,"20,631.97","42,049.79"
2016,11,"3,356.09","1,042.22","4,373.73","4,276.24","5,275.33","3,195.19","5,378.09",713.78,759.52,192.91,"21,088.93","49,652.01"
2016,12,"3,135.99",888.4,"3,380.89","3,165.93","5,145.03","2,741.18","4,290.63",439.78,"1,769.12",826.69,"20,900.18","46,683.82"
2017,1,"3,351.77",939.66,"2,905.79","3,802.59","5,380.82","2,367.59","7,323.43",520.19,"1,464.13",561.8,"20,216.24","48,834.00"
2017,2,"3,412.59","1,228.08","4,034.90","4,549.31","5,673.75","2,562.01","4,344.73",523.09,"1,533.16",818.03,"19,276.97","47,956.64"
2017,3,"3,291.54","1,244.01","3,908.80","3,996.29","5,816.88","2,827.64","3,958.26",774.69,"1,397.63","1,163.56","25,672.20","54,051.51"
2017,4,"2,553.13","1,346.45","3,456.96","3,833.18","4,769.72","1,644.29","3,770.07",609.86,932.64,429.94,"21,465.73","44,811.95"
2017,5,"3,187.96","1,309.42","4,372.67","4,170.82","4,773.57","1,958.44","5,492.28",688.84,919.51,644.26,"25,152.31","52,670.10"
2017,6,"3,348.02",907.93,"4,664.53","3,487.51","4,878.33","1,882.39","5,829.92",655.61,"1,745.01",399.96,"23,774.73","51,573.93"
2017,7,"3,651.36",797.34,"5,105.39","3,207.77","5,371.73","2,330.44","6,106.38",817.12,"1,388.40",518.6,"23,626.75","52,921.29"
2017,8,"2,858.20",671.65,"4,047.82","2,643.77","4,460.55","2,550.96","3,987.65",950.82,"1,214.37",263.12,"18,015.34","41,664.27"
2017,9,"3,080.51",680.99,"3,950.87","3,409.17","5,791.61","2,631.36","5,641.87",703.36,"2,221.01",267.04,"21,998.09","50,375.88"
2017,10,"3,538.63",868.21,"3,663.61","3,451.14","4,075.22","2,626.03","5,751.36",500.59,"1,364.43",273.81,"22,972.40","49,085.43"
2017,11,"3,037.73","1,043.41","3,819.06","3,663.57","5,600.52","2,871.46","5,948.75",433.12,"2,215.51",327.01,"21,914.50","50,874.65"
2017,12,"3,241.23",703.75,"3,339.51","3,676.70","5,221.34","2,268.46","5,903.09",595.98,"2,609.40",358.35,"21,391.03","49,308.85"
2018,1,"3,473.66",793.43,"2,544.17","4,324.45","4,748.86","1,966.71","7,331.99",521.16,"2,194.96",1187.65,"24,361.09","53,448.13"
2018,2,"4,284.30","1,019.87","3,060.44","4,679.53","5,837.57","3,010.03","7,012.51",535.81,"2,015.80",747.52,"25,067.76","57,271.15"
2018,3,"3,344.61","1,073.26","3,641.96","5,170.66","5,580.62","2,369.77","4,271.40",657.88,"1,185.17",877.01,"22,821.80","50,994.13"
2018,4,"3,305.79","1,150.75","3,598.46","4,122.01","4,261.58","2,638.78","4,078.33",723.02,"1,017.21",289.5,"24,862.25","50,047.68"
2018,5,"3,285.70","1,238.72","4,336.34","3,875.46","5,671.50","2,814.77","4,527.71",800.16,"2,379.87",571.43,"25,812.67","55,314.34"
2018,6,"3,554.20","1,113.47","4,518.43","3,478.47","4,922.03","2,011.94","5,452.05",560.74,"1,950.74",325.92,"25,031.24","52,919.25"
2018,7,"3,742.80",968.55,"5,322.25","3,709.22","4,552.15","2,464.45","5,370.29",685.66,"1,383.18",455.36,"24,231.65","52,885.55"
2018,8,"2,589.00",625.64,"4,810.22","3,129.56","5,311.24","2,608.05","3,814.93",778.36,"1,537.80",334.43,"25,447.68","50,986.90"
2018,9,"2,917.52",721.84,"4,084.83","3,757.13","5,228.78","2,304.91","4,646.79",867.45,"1,591.22",220.79,"20,435.76","46,777.02"
2018,10,"3,280.03",913.29,"3,751.75","3,700.20","5,508.90","2,666.90","4,286.12",664.72,"2,097.61",298.38,"22,791.88","49,959.78"
2018,11,"3,154.00",957.29,"4,605.08","3,035.86","5,248.02","2,696.52","4,573.34",637.97,"1,118.84",411.02,"21,877.63","48,315.57"
2018,12,"3,230.62",584.32,"3,026.70","3,355.97","5,005.60","2,199.64","4,021.99",491.85,"1,652.69",625.44,"19,814.32","44,009.13"
2019,1,"4,419.08",896.14,"4,282.90","4,682.36","5,461.20","2,293.75","4,452.01",625.27,"2,076.65",1427.32,"22,673.66","53,290.34"
2019,2,"3,734.46","1,233.73","3,652.30","4,923.92","5,248.67","2,748.37","4,297.58",602.63,"1,463.55",615.24,"22,399.54","50,920.01"
2019,3,"3,702.14","1,034.85","4,279.09","4,851.56","5,506.02","2,367.51","4,308.71",661.34,"1,732.08",835.8,"23,382.01","52,661.10"
2019,4,"2,708.70","1,262.58","5,315.18","3,840.68","4,427.87","3,082.90","3,791.40",621.19,"1,657.12",477.5,"21,627.37","48,812.50"
2019,5,"2,008.76","1,139.36","4,192.57","2,598.95","4,761.11","2,656.67","3,468.47",454.8,"1,712.36",697.89,"22,775.57","46,466.51"
2019,6,"3,859.59",985.86,"4,392.79","5,682.67","5,332.38","2,636.28","2,493.02",716.18,"1,413.54",574.33,"23,101.78","51,188.42"
2019,7,"3,554.97",831.24,"4,375.05","3,266.14","5,668.72","2,630.60","3,208.82",869.8,810.04,525.13,"24,483.72","50,224.24"
2019,8,"3,288.00",850.35,"4,493.70","3,746.28","4,576.79","3,119.28","3,199.25",757.66,"2,000.67",526.88,"23,091.07","49,649.92"
2019,9,"2,561.33",763.01,"5,254.28","3,080.93","6,089.29","2,901.07","3,372.29",558.92,"1,477.61",464.45,"19,966.10","46,489.29"
2019,10,"3,539.56",802.84,"3,719.53","4,663.13","6,016.19","3,822.39","4,545.07",763.65,"1,792.25",464.25,"20,964.61","51,093.48"
2019,11,"3,540.89",767.7,"4,578.58","3,633.53","5,535.54","3,054.67","4,243.77",654.5,"1,743.17",469.89,"23,593.32","51,815.58"
2019,12,"2,995.82",717.19,"3,377.84","2,997.52","5,077.84","2,294.07","3,859.14",509.3,"1,048.20",263.48,"19,627.50","42,767.89"
2020,1,"4,083.93",919.36,"4,680.76","3,940.11","5,007.38","2,614.71","4,204.24",657.28,"2,163.46",1824.79,"23,030.19","53,126.22"
2020,2,"4,926.51","1,252.53","3,784.51","5,192.23","6,910.99","2,235.19","4,599.59",617.74,"1,665.98",397,"29,456.12","61,038.38"
2020,3,"4,282.36","1,289.22","3,698.42","4,012.61","6,816.94","3,136.74","4,666.70",672.53,"1,600.86",433.78,"33,845.22","64,455.39"
2020,4,"4,436.92","1,430.93","2,949.42","2,800.48","2,673.47","2,029.54","5,578.30",842.3,"1,374.25",381.19,"18,695.87","43,192.68"
2020,5,"3,855.20","1,379.10","2,904.82","3,379.70","4,731.90","2,009.84","5,148.58",725.63,"1,422.09",294.9,"21,333.25","47,185.01"
2020,6,"3,855.80","1,085.29","5,173.66","2,616.64","5,131.15","2,202.25","4,245.22",820.07,"1,738.78",762.71,"20,373.28","48,004.85"
2020,7,"4,060.24","1,226.05","3,764.99","3,557.52","6,483.61","2,679.25","4,116.12",912.63,"1,305.55",559.23,"23,301.52","51,966.71"
2020,8,"3,860.43","1,459.55","5,362.71","3,507.48","8,120.20","2,721.41","5,151.57",976.73,659.73,310.28,"22,358.63","54,488.71"
2020,9,"4,126.47","1,322.44","3,992.29","5,467.93","6,900.76","2,815.81","3,989.03",918.91,"1,711.65",470.45,"24,457.22","56,172.95"
2020,10,"4,014.79","1,043.96","4,763.04","5,384.19","5,939.12","2,760.50","4,021.29",606.05,"1,793.84",296.15,"22,487.92","53,110.84"
2020,11,"3,981.38","1,018.85","4,577.25","4,001.17","6,129.18","2,919.44","4,863.56",682.94,"1,486.43",446.43,"20,682.14","50,788.78"
2020,12,"4,436.88","1,106.15","3,726.11","4,877.18","6,849.23","3,264.39","4,072.35",717.81,"2,060.33",678.81,"25,722.21","57,511.45"
2021,1,"4,607.97","1,250.79","5,065.64","5,511.98","5,264.18","2,456.00","4,563.09",731.47,"1,611.20",472.33,"22,778.98","54,313.63"
2021,2,"5,034.58","1,921.65","3,973.42","6,311.66","8,845.65","2,858.99","4,613.73",823.54,"2,366.16",427.72,"30,226.43","67,403.54"
2021,3,"5,422.48","2,358.05","4,669.57","5,576.82","8,632.38","3,418.34","4,755.74",1134.38,"2,487.07",630.74,"30,597.03","69,682.60"
2021,4,"3,098.56",795.29,"3,488.00","4,757.71","7,443.60","2,988.57","3,600.32",649.45,"1,682.89",474.27,"29,815.60","58,794.26"
2021,5,"4,235.45",924.53,"4,812.81","5,793.35","8,394.71","2,735.00","4,421.11",902.31,"1,832.15",825.28,"28,231.17","63,107.88"
2021,6,"4,308.06",874.5,"5,234.74","4,582.09","7,535.11","3,154.24","3,810.94",1068.93,"1,214.49",760.31,"24,145.12","56,688.54"
2021,7,"3,875.32",916.04,"7,152.18","4,759.70","6,945.01","4,026.66","4,058.60",814.23,"1,113.44",1067.58,"24,517.92","59,246.66"
2021,8,"3,402.81","1,122.71","5,017.77","4,266.64","7,700.61","3,673.42","4,113.17",971.83,"1,805.38",570.09,"28,528.74","61,173.17"
2021,9,"3,355.04","1,018.76","5,050.76","4,632.65","4,107.65","5,140.60","2,990.01",805.2,"1,485.54",556.73,"24,815.01","53,957.95"
2021,10,"4,121.21",924.56,"4,747.22","4,776.30","9,445.22","6,232.64","4,473.93",661.54,"1,497.99",681.81,"27,837.45","65,399.88"
2021,11,"4,181.48","1,120.07","5,380.76","5,896.92","9,584.13","4,071.73","6,025.45",579.06,"1,850.76",518.29,"24,986.20","64,194.83"
2021,12,"3,757.32","1,041.15","4,969.58","4,800.22","7,111.10","4,168.74","5,746.81",580.36,"2,228.39",937.36,"30,700.94","66,041.96"
2022,1,"4,166.85","1,466.19","4,597.63","5,977.00","5,184.62","3,016.90","5,540.47",764.56,"2,074.33",750.16,"26,012.11","59,550.82"
2022,2,"4,483.50","1,237.51","4,997.85","6,105.08","7,762.22","5,547.71","5,906.89",714.89,"2,477.56",979.91,"30,043.87","70,256.97"
2022,3,"4,292.68","1,533.49","5,761.68","6,399.16","7,681.33","5,385.08","5,441.62",780.72,"2,880.87",1027.29,"35,883.84","77,067.76"
2022,4,"3,354.67","1,621.35","7,731.86","5,796.83","5,375.15","3,701.73","5,106.26",876.4,"2,097.73",888.04,"31,813.95","68,363.96"
2022,5,"4,059.71","1,286.91","6,749.34","5,858.78","9,222.67","4,292.66","4,661.88",899.06,"2,356.37",974.45,"36,928.75","77,290.58"
2022,6,"3,453.75","1,183.50","10,517.12","5,847.63","9,336.90","4,722.72","4,709.36",819.86,"2,620.50",626.04,"36,787.37","80,624.75"
2022,7,"3,749.55","1,438.09","7,413.15","5,255.85","9,703.47","4,475.66","4,245.09",1126.4,"2,542.25",1009.67,"34,517.91","75,477.08"
2022,8,"3,363.35","1,143.91","6,387.97","4,667.37","8,683.65","5,011.72","4,972.46",1000.78,"1,784.60",648.37,"32,785.78","70,449.95"
2022,9,"3,194.91","1,495.61","8,957.62","5,341.53","9,488.63","5,214.97","5,985.22",875.51,"2,268.40",396.92,"34,836.78","78,056.10"
2022,10,"3,234.70","1,101.07","4,632.08","6,180.02","8,859.06","5,488.76","5,466.07",808.73,"1,024.11",364.6,"30,411.37","67,570.58"
2022,11,"3,684.40","1,106.08","7,593.57","6,301.02","7,170.15","4,709.02","6,273.48",639.55,"2,295.30",516.75,"34,729.92","75,019.24"
2022,12,"3,525.81","1,332.33","4,591.70","5,920.28","7,966.03","5,005.25","5,809.41",783.15,"2,347.55",545.75,"30,992.25","68,819.50"
2023,1,"4,230.04","1,198.52","5,511.58","5,843.38","9,898.42","4,403.73","4,434.66",1145.111105,"2,198.78",1806.359646,"32,248.66","72,919.25"
2023,2,"4,716.20","1,553.07","4,396.04","6,088.13","10,002.01","4,675.64","3,867.75",963.09,"2,283.92",328.19,"37,767.25","76,641.30"
2023,3,"4,566.08","1,716.37","5,249.52","6,220.00","10,910.82","4,921.81","5,699.68",931.11,"2,702.86",237.99,"38,721.32","81,877.56"
2023,4,"4,090.78","1,459.06","4,498.21","6,595.88","9,887.66","3,611.38","5,243.21","1,104.98","1,605.41",442.28,"32,139.54","70,678.40"
2023,5,"5,051.52","1,276.54","6,497.38","8,430.90","10,342.25","5,999.24","6,725.75","1,388.02","2,020.61",666.12,"42,571.10","90,969.42"
2023,6,"4,199.09","1,974.78","6,054.33","6,260.08","10,791.35","5,741.44","7,325.98","1,547.77","3,290.33","1,087.16","37,531.69","85,803.99"
2023,7,"4,144.61","1,442.06","6,809.48","6,122.81","11,700.18","5,977.89","5,257.48","1,329.28","2,424.98",813.34,"36,510.36","82,532.46"
2023,8,"4,614.76","1,348.48","5,644.44","6,579.90","10,879.03","6,280.41","9,898.47","1,574.73","3,394.35",597.41,"41,948.02","92,760.01"
2023,9,"4,348.12","1,204.26","4,231.57","5,789.46","11,603.00","6,972.14","8,450.99","1,745.72","2,684.56",494.38,"43,605.10","91,129.29"
2023,10,"5,016.66",899.94,"3,964.54","5,710.34","9,983.80","7,437.47","6,632.11","1,382.60","3,447.21",398.63,"39,284.00","84,157.30"
2023,11,"5,005.01",936.91,"5,730.66","5,736.80","9,668.58","7,488.63","6,632.98","1,413.23","3,412.75",398.03,"42,553.42","88,976.99"
2023,12,"5,148.48",929.19,"5,731.43","6,758.06","9,486.49","5,557.11","7,292.76","1,262.76","2,474.91",441.79,"39,101.19","84,184.16"
2024,1,"5,951.99","1,619.95","7,827.04","8,459.85","9,662.98","5,280.91","6,780.90","1,160.67","2,914.82",652.07,"41,364.42","91,675.62"
2024,2,"7,082.46","1,964.62","6,841.86","10,105.90","12,921.80","5,941.98","6,934.42","1,252.34","3,984.66",629.72,"49,763.05","107,422.81"
2024,3,"5,913.45","1,924.66","7,540.78","9,407.47","10,435.74","5,299.35","7,589.50","1,165.02","3,569.86",656.62,"44,430.51","97,932.96"
2024,4,"4,840.17","1,748.16","5,667.39","5,570.89","9,839.83","4,580.08","7,626.18",942.99,"1,876.28",760.82,"49,470.35","92,923.13"
2024,5,"4,408.33","1,626.14","6,543.85","5,327.11","11,592.65","5,405.38","6,719.34","1,047.57","1,100.84",955.24,"49,755.98","94,482.42"
2024,6,"4,220.82","1,428.37","8,489.05","4,757.33","11,113.60","5,080.11","3,749.92","1,281.58","1,793.24","1,060.62","44,179.40","87,154.05"
2024,7,"4,830.70","2,130.58","9,360.56","4,786.71","11,666.71","5,567.78","7,128.20","1,164.12","1,759.85","1,592.96","47,077.07","97,065.25"
2024,8,"4,264.87","1,726.62","9,124.11","4,123.00","10,957.90","6,053.77","7,281.31","1,361.64","1,913.43",808.62,"45,919.92","93,535.20"
2024,9,"4,687.74","1,387.04","6,140.63","4,508.83","11,622.90","5,833.66","6,076.96","1,373.03","2,060.13",977.33,"46,857.91","91,526.15"
2024,10,"5,106.22","1,344.95","8,335.36","5,499.26","7,687.10","5,924.30","4,776.19","1,111.64","1,887.29",270.95,"46,388.08","88,331.34"
2024,11,"4,578.81","1,212.16","6,367.03","4,942.21","9,451.21","5,279.37","6,616.95","1,186.94","2,422.36",709.99,"43,153.58","85,920.62"
2024,12,"5,080.76",881.20,"6,047.63","4,974.19","8,342.35","5,262.69","5,245.75",990.73,"2,344.34",574.02,"40,934.23","80,677.88"
