DIRECT IMPORTS: SELECTED COUNTRIES OF ORIGIN,,,,,,,,,,,,,,
(shillings million),,,,,,,,,,,,,,
Year,Month,U.K,U.S.A,GERMANY,ITALY,U.A.E,S.ARABIA,FRANCE,INDIA,S.AFRICA,JAPAN,CHINA,OTHERS,TOTAL
1998,1,"1,870.74","1,272.85","1,177.53",543.27,"2,873.19","1,169.09",846.73,598,"1,229.24","1,058.60",,"3,994.78","16,634.02"
1998,2,"1,725.03",689.02,948.03,431.98,"1,918.77","1,212.88",584.5,516.73,"1,224.17","1,056.75",,"5,257.78","15,565.64"
1998,3,"1,986.62","2,800.43",807.07,398.78,623.42,"1,119.07",698.27,553.83,"1,282.51","1,332.39",,"5,932.69","17,535.08"
1998,4,"1,581.62","2,069.71",700.44,342.3,"1,241.31",593.97,"1,066.45",905.7,"1,247.19","1,218.98",,"5,130.91","16,098.58"
1998,5,"1,835.51","3,737.40",732.49,407.82,779.28,726.28,392.69,695.13,942.34,"1,197.72",,"5,174.89","16,621.55"
1998,6,"1,768.47",878.81,"1,121.97",504.24,"2,438.25",317.9,639.38,851.81,"1,325.84","1,125.42",,"5,609.27","16,581.36"
1998,7,"2,502.97",908.42,852.56,344.77,"1,282.04",663.02,855.5,758.53,"1,502.08","1,171.46",,"6,651.66","17,493.01"
1998,8,"2,282.32","1,038.67",916.81,515.93,841.95,704.81,539.19,801.07,"1,029.45",910.75,,"5,942.04","15,522.99"
1998,9,"1,957.57",375.01,956.68,408.45,"1,332.60","1,023.93",668.96,824.66,972.89,"2,470.29",,"5,958.31","16,949.35"
1998,10,"2,648.24","1,297.00",854.71,423.52,"2,104.96","1,162.03",446.89,820.11,"1,360.29","1,758.27",,"4,294.05","17,170.07"
1998,11,"2,248.56",844.37,806.97,389.25,719.44,719.75,609.82,662,"1,117.76","1,009.28",,"4,692.45","13,819.65"
1998,12,"2,074.01",596.13,"1,271.40",397.29,"1,657.35","2,975.91",681.24,662.79,997.83,"1,395.68",,"5,336.31","18,045.94"
1999,1,"1,712.33",952.68,909.09,324.36,959.71,852.08,474.98,771.57,852.08,"1,282.62",,"4,361.40","13,452.90"
1999,2,"2,488.50","4,268.89",630.66,248.12,691.74,"1,379.85",360.12,738.81,"1,379.85","1,003.21",,"4,131.89","17,321.64"
1999,3,"1,885.29",521.86,"2,227.59",445.02,"1,786.49","1,389.99",409.54,704.48,"1,389.99","1,311.58",,"5,913.66","17,985.49"
1999,4,"1,896.40","1,050.47",692.12,331.81,458.22,"1,620.36",383.38,835.27,"1,620.36","1,144.52",,"5,705.99","15,738.90"
1999,5,"1,461.36",502.44,"1,090.54",316.91,314.51,"1,243.35",574.18,693.66,"1,243.35","1,054.01",,"6,288.44","14,782.75"
1999,6,"1,815.31",509.31,673.03,665.15,312.56,"1,408.87",804.7,704.69,"1,408.87","1,005.66",,"4,835.30","14,143.45"
1999,7,"2,311.40",513.01,943.61,518.12,318.72,"1,737.72",565.53,724.77,"1,737.72","1,446.55",,"5,140.69","15,957.84"
1999,8,"1,588.57","1,490.53",859.29,607.41,"1,955.38","1,279.06",455.91,797.57,"1,279.06","1,266.21",,"3,815.52","15,394.51"
1999,9,"1,676.88","1,136.80",700.11,281.23,401.32,"2,107.14",795.2,774.45,"2,107.14","1,484.73",,"5,954.32","17,419.32"
1999,10,"1,628.19",718.85,492.21,309.07,"1,601.64",939.27,568.5,672.57,939.27,"1,443.68",,"4,665.12","13,978.37"
1999,11,"2,865.89",693.3,835.11,435.19,"2,851.04","1,276.77",934.02,836.54,"1,276.77","1,521.52",,"7,255.31","20,781.46"
1999,12,"1,794.22",831.61,"1,156.63",332.83,"2,361.79","1,900.23",411.83,740.82,"1,900.23","1,383.79",,"4,700.88","17,514.86"
2000,1,"1,852.85",868.08,644.17,385.93,"4,281.07",88.27,435.33,815.92,"1,337.17",843.56,,"5,644.85","17,197.20"
2000,2,"1,419.10","1,185.27",940.83,337.32,"2,194.64","1,826.59",767.61,535.45,"1,047.62",903.15,,"5,202.57","16,360.15"
2000,3,"1,896.75","1,068.77",859.54,294.23,"3,210.99","3,878.42",437.31,943.19,"1,131.17",864.15,,"6,956.94","21,541.46"
2000,4,"2,100.39",837.98,577,671.47,"3,357.10",293.24,692.23,727.64,845.79,871.48,,"4,698.47","15,672.79"
2000,5,"3,150.59",850.32,"1,112.71",379.75,"2,156.65",591.16,705.02,109,"1,009.04","1,929.18",,"8,881.30","20,874.72"
2000,6,"2,046.64",306.05,586.58,704.17,"3,089.22",440.5,673.81,881.86,"1,055.66","1,214.72",,"8,871.70","19,870.91"
2000,7,"2,320.71","1,315.27",520.99,932.53,"5,778.52","3,136.76",747.56,858.43,"1,283.27","1,125.67",,"5,332.33","23,352.04"
2000,8,"2,669.79",560.37,553,829.88,"6,293.85",365.01,897.15,825.1,"2,028.89","1,428.88",,"8,058.58","24,510.50"
2000,9,"1,851.62",961.03,702.66,436.71,"4,215.93",900.67,504.63,809.32,"1,755.24",819.5,,"8,287.99","21,245.30"
2000,10,"2,283.85",828.91,517.89,774.04,"5,264.69","2,199.41",866.33,"1,040.07","1,624.24",904.38,,"6,823.86","23,127.67"
2000,11,"2,274.38",617.31,"1,040.99",515.96,"6,296.56",977.66,984.25,904.15,"1,967.97","1,066.23",,"9,871.69","26,517.15"
2000,12,"1,269.09",684.32,657.43,943.67,"2,072.60",306.78,585.86,712.86,"1,499.52",543.5,,"8,258.37","17,534.00"
2001,1,"1,868.15","1,001.11","1,252.24",578.28,"2,749.31","1,191.83","1,004.74","1,068.43","1,542.36","1,164.47",657.79,"6,662.02","20,740.73"
2001,2,"2,166.86","1,118.44","1,068.69",721.54,"3,502.56","2,043.21",705.54,807.31,258.15,716.67,377.89,"7,105.43","20,592.29"
2001,3,"2,621.36","1,353.99",977.09,606.52,"3,362.86","2,042.36",637.38,945.05,409.26,"1,544.59",362.38,"8,521.08","23,383.92"
2001,4,"3,316.11",544.02,815.34,523.03,"4,126.16","2,063.26",731.07,913.68,321.25,801.78,671.35,"7,818.79","22,645.84"
2001,5,"2,219.53","8,216.73",716.31,439.85,"3,523.58",838.35,534.48,"1,476.76",618.85,"1,142.38",597.52,"7,882.97","28,207.31"
2001,6,"1,813.13","8,544.46","1,067.63",929.63,"3,787.31","1,621.01","1,445.45",838.88,435.29,981.9,438.63,"7,546.17","29,449.49"
2001,7,"1,929.19","8,399.95",761.26,525.73,"3,655.20","1,407.56","1,175.60","1,112.79",633.12,"1,053.54",634.96,"7,688.67","28,977.57"
2001,8,"1,956.00","1,072.57",850.65,479.94,"2,482.13","1,244.61",657.46,"1,097.85",603.63,"1,220.94",576.81,"9,590.26","21,832.85"
2001,9,"1,429.38","4,529.43","1,138.10",382.23,"4,211.18",794.79,"1,332.03",821.7,387.72,"1,175.13",484.03,"6,642.66","23,328.38"
2001,10,"1,835.34","2,219.88",878,755.38,"2,119.19","1,399.42",692.4,"1,146.79","1,387.82","1,513.68",537.87,"10,562.57","25,048.34"
2001,11,"1,709.88",940.32,785.67,532.19,"2,993.16",577.34,"1,059.45",987.46,624.51,"1,020.64",501.17,"7,513.80","19,245.59"
2001,12,"1,439.85",348.9,588.66,295.76,"1,771.58",813.74,539.03,931.81,508.98,"1,309.05",499.58,"6,962.00","16,008.94"
2002,1,"3,392.44","1,015.18",892.69,710.48,"1,756.55","1,523.84",862.92,"1,008.58",422.18,"1,893.03",462.52,"19,619.16","33,559.57"
2002,2,"1,425.37",758.21,414.31,417,316.83,478.67,"1,159.59",917.01,411.55,837.53,380.58,"6,382.00","13,898.65"
2002,3,"1,561.57",338.24,"3,804.48",271.25,"3,190.14",451.11,603.8,865.2,513.85,"1,433.99",366.69,"8,793.41","22,193.73"
2002,4,"1,309.38",458.28,"1,377.38",203.35,"2,760.65","2,425.96",805.1,833.69,530.71,927.41,376.54,"6,131.17","18,139.62"
2002,5,"1,876.73",653.66,749.2,326.98,"3,373.79","1,535.82",577.14,"1,645.12","1,467.92","1,636.47",633.12,"6,584.51","21,060.46"
2002,6,"1,433.26","1,465.28",583.35,314.93,"1,720.35",610.04,807.58,"1,015.09","1,144.94","1,316.22",470.39,"10,385.72","21,267.15"
2002,7,"1,612.22",891.1,874.73,281.51,"1,945.21","1,355.63","1,001.04","1,335.49","1,407.86","1,974.32",629.65,"7,606.39","20,915.15"
2002,8,"1,487.24",942.28,831.8,312.02,"2,535.33",561.8,608.82,"1,378.86","1,463.45","1,261.80",608.77,"7,151.45","19,143.62"
2002,9,"1,775.25",536.74,830.53,545.49,"2,599.60","1,857.29",480.48,"1,030.10","1,651.12","1,356.70",664.14,"6,130.92","19,458.36"
2002,10,"1,718.40","1,376.09","1,041.04",208.27,"1,836.01","1,491.85",718.74,"1,548.38","2,282.82",927.21,562.58,"8,739.47","22,450.86"
2002,11,"1,999.07",666.03,908.59,283.66,"2,902.46",270.28,"1,222.86","1,178.11","1,570.11","2,328.48",525.38,"7,175.93","21,030.96"
2002,12,"1,546.82","5,546.42",633.26,270.85,"2,149.60",849.61,864.35,"1,054.11","1,687.61","1,348.37",371.34,"6,251.27","22,573.61"
2003,1,"2,139.18","1,084.22",700.6,731.82,"1,579.72","2,612.40",748.99,"1,265.03","1,800.51","1,441.96",650.18,"9,565.20","24,319.81"
2003,2,"1,274.13",643.68,577.65,481.19,"3,658.09",432.65,938.88,"1,188.04","1,944.95","1,406.61",771.39,"9,797.04","23,114.30"
2003,3,"1,565.33",734.3,860.24,439.97,"2,563.67","2,769.73",654.84,"1,619.86","1,438.98","1,321.59",761.24,"6,679.86","21,409.61"
2003,4,"1,978.07",799.1,"1,607.14",528.38,"1,965.93",835.24,624.16,"1,021.95","1,759.64","1,737.60",534.79,"8,388.75","21,780.75"
2003,5,"1,488.76",399.83,"1,158.17",441.79,"2,466.83","2,832.94",818.65,"1,092.48","2,247.86","1,386.63",638.71,"8,121.46","23,094.11"
2003,6,"1,292.33","6,080.49",865.31,533.36,"2,430.74","2,105.79",545.56,"1,001.36","1,607.99","1,477.71",591.83,"7,338.56","25,871.03"
2003,7,"1,454.88",366.92,930.31,576.67,"1,817.68","2,893.65",753.37,"1,095.91","2,462.94","1,543.89",643.53,"11,929.64","26,469.39"
2003,8,"1,452.33",579.5,752.44,340.41,"4,430.43","1,155.38","1,197.64","1,038.09","1,692.44","1,297.11",487.17,"6,406.99","20,829.93"
2003,9,"1,484.78",742.95,849.8,330.81,"4,200.03","1,298.78",644.81,"1,382.96","2,117.44","2,511.32",617.42,"6,174.35","22,355.45"
2003,10,"1,647.01","1,405.42",891.15,472.81,"1,475.50","3,399.29",657.25,"1,405.24","2,538.88","1,327.98",669.19,"9,351.56","25,241.28"
2003,11,"1,644.06","1,117.64",734.89,627.68,"2,056.79","1,021.79",635.81,"1,165.41","1,608.57","1,351.01",934.49,"8,454.66","21,352.80"
2003,12,"2,200.40",434.27,"1,033.54",335.17,"3,271.96","2,947.42",736.84,"1,535.04","2,083.24","1,807.03",722.68,"8,877.77","25,985.36"
2004,1,"1,589.01",439.96,761.17,295.12,"5,295.77","1,248.97","1,039.10","1,625.80","2,181.85","1,826.75",792.82,"8,442.03","25,538.35"
2004,2,"1,737.15",436.97,830.5,522.5,"3,752.25","1,117.05","1,149.93","1,403.31","1,819.47","1,635.59",936.47,"10,226.41","25,567.60"
2004,3,"1,955.69",781.68,"1,022.15",570.99,"2,264.84","4,411.83",868.66,"1,594.61","3,044.71","1,818.38",575.22,"10,866.35","29,775.11"
2004,4,"1,467.51","3,549.34",957.82,661.34,"2,970.49","1,700.04","1,672.30","1,577.40","2,101.68","1,709.86",755.95,"10,261.29","29,385.02"
2004,5,"1,427.46",706.55,"1,174.12",377.78,"2,901.53","2,575.06",590.4,"2,673.85","3,176.01","1,689.04","1,007.32","8,009.70","26,308.82"
2004,6,"1,431.75",903.39,"1,145.42",864.52,827.19,"3,226.99",848.32,"2,695.41","2,789.36","2,419.02",869.58,"12,681.83","30,702.78"
2004,7,"1,645.83","1,241.01","1,599.45",318.56,"3,419.08","1,910.62",857.68,"1,237.48","2,515.20","2,063.16",931.02,"11,659.16","29,398.25"
2004,8,"2,028.03","1,333.26",940.15,730.19,"6,670.56",640.31,"1,845.22","1,840.77","2,964.13","2,392.57","1,186.86","10,922.25","33,494.30"
2004,9,"2,072.06",820.9,944.78,545.84,"2,776.11","5,333.37","1,318.74","2,628.13","2,782.95","2,116.92","1,083.15","8,300.38","30,723.33"
2004,10,"3,568.89","1,430.65","1,011.80",450.98,"3,816.53","2,434.04",595.52,"1,334.75","2,914.52","2,177.09","1,502.94","6,868.35","28,106.06"
2004,11,"3,891.37",989.19,"1,618.21",902.9,"3,123.93","2,911.38",613.35,"1,319.04","4,598.66","2,079.07","1,110.44","10,420.33","33,577.87"
2004,12,"4,315.83","1,767.88","1,122.94",905.57,"4,000.61","4,019.32",794.27,"2,704.19","3,740.50","2,213.30","2,075.99","10,573.85","38,234.25"
2005,1,"3,816.57",728.03,872.81,718.67,"4,001.34","5,086.81","1,134.86","1,791.47","3,119.47","2,079.79","1,409.71","13,746.42","38,505.95"
2005,2,"3,376.82",627.4,942.93,646.66,"1,557.22","2,463.85","2,113.57","1,700.69","2,004.39","1,960.36","1,142.45","10,343.63","28,879.97"
2005,3,"3,893.00","1,849.02","1,031.72",434.85,"6,333.70","2,118.07",476.84,"1,868.12","4,008.20","2,273.70","1,370.12","10,221.74","35,879.08"
2005,4,"4,770.56","16,474.86","1,307.53",589.64,"6,944.68","2,828.69",679.64,"1,927.26","2,585.08","1,992.93","1,015.70","9,816.48","50,933.05"
2005,5,"3,701.45","1,101.43","1,084.88",627.77,"6,334.70","4,228.46",758.23,"2,899.64","3,764.18","1,984.37","1,330.47","10,087.67","37,903.25"
2005,6,"4,820.55","16,228.30","1,290.24",538.05,"1,851.69","2,641.38","1,182.46","1,478.48","3,246.54","1,757.55","1,772.75","9,169.19","45,977.18"
2005,7,"1,053.64",549.48,987.6,714.65,"8,529.05","1,858.13",556.17,"1,159.72","2,310.47","1,078.63","1,254.28","11,384.14","31,435.96"
2005,8,"8,916.34","1,011.03","1,709.13",594.31,"3,963.52",650.84,"1,222.88","1,405.14","11,843.23","2,117.70","2,265.58","10,015.11","45,714.81"
2005,9,"4,607.78",783.61,"1,378.01",587.16,"4,470.24","1,197.88",786.64,"2,358.86","2,305.60","2,041.18","2,574.27","13,280.42","36,371.65"
2005,10,"5,348.54","1,039.69","1,581.24",823.79,"4,472.18","3,118.92","1,166.97","1,894.10","1,814.78","1,473.96","2,042.20","11,424.04","36,200.41"
2005,11,"5,012.06",727.59,"1,592.01",592.05,"7,833.97",704.59,"1,804.12","2,190.03","2,352.04","1,807.65","1,835.20","10,115.90","36,567.21"
2005,12,"6,698.98","1,461.52","1,955.63",989.32,"5,837.16",693.74,"2,053.11","3,613.37","2,946.65","2,440.23","1,728.84","9,707.88","40,126.43"
2006,1,"5,583.53",492.47,979.14,"1,105.47","7,652.40",806.28,"1,072.42","2,617.97","3,346.60","1,894.96","1,621.86","12,457.39","39,630.49"
2006,2,"5,367.32","1,276.31","1,197.31","1,083.64","3,542.09","3,644.03",918.56,"2,089.07","2,308.30","1,440.02","1,431.74","14,244.00","38,542.39"
2006,3,"2,065.73","1,343.61","1,799.80",951.1,"8,559.68",840.07,863.61,"2,806.18","3,188.68","2,085.88","1,616.20","14,577.08","40,697.62"
2006,4,"1,735.12","1,720.66","1,491.09",732.01,"4,634.30","1,189.05",674.77,"2,251.37","2,558.54","1,886.76","1,712.66","26,689.05","47,275.38"
2006,5,"2,085.69","2,899.29","1,241.19",811.17,"6,035.19","3,462.09",684.24,"2,554.29","3,421.84","3,522.39","2,305.76","13,410.95","42,434.09"
2006,6,"1,832.55","5,393.03","1,082.27",792.26,"3,456.21","3,875.85",836.73,"3,003.92","3,017.84","1,930.17","1,790.96","15,298.14","42,309.93"
2006,7,"1,647.02","1,016.57","1,159.86","1,369.37","7,998.55",998.92,940.26,"2,429.35","2,979.58","2,612.46","2,129.79","14,594.74","39,876.47"
2006,8,"2,788.00","1,129.50","2,574.04","1,286.99","8,866.24","5,823.61","1,315.54","3,960.54","2,592.69","2,647.40","2,487.46","14,409.47","49,881.48"
2006,9,"2,577.96","2,152.43","2,019.86","1,124.17","4,530.44",810.99,758.89,"3,998.33","2,519.77","2,451.06","2,646.60","18,578.02","44,168.52"
2006,10,"2,895.89","1,053.12","1,495.15","1,014.01","6,450.60","3,659.09",696.67,"4,458.32","2,952.78","3,051.27","3,305.56","16,854.42","47,886.88"
2006,11,"3,373.36","4,152.27","2,311.40","1,160.77","9,732.22",615.45,856.69,"3,580.99","2,696.06","3,011.37","3,437.58","14,224.33","49,152.49"
2006,12,"2,412.25","2,094.33","1,561.91",651.95,"6,038.31",722.32,989.97,"3,906.91","2,266.44","2,884.70","4,657.72","16,827.19","45,014.00"
2007,1,"2,805.79","7,411.28","1,620.04",891.1,"4,408.30","2,824.23","1,021.67","4,862.61","2,017.72","2,811.48","3,487.08","14,132.89","48,294.19"
2007,2,"2,423.50","18,002.08","1,694.53","1,034.23","7,800.11",816.7,"1,295.14","3,888.57","2,186.78","2,751.44","3,388.07","11,636.13","56,917.28"
2007,3,"2,563.81","2,777.32","1,341.42",880.72,"8,551.95",958.74,"1,094.66","3,961.08","2,660.47","3,071.99","2,903.70","15,061.27","45,827.13"
2007,4,"2,256.83","1,783.78","1,521.38","1,357.89","4,253.57",781.11,"1,415.11","5,858.49","3,410.75","3,016.11","2,688.15","15,246.32","43,589.49"
2007,5,"2,194.04","1,808.42","1,771.03","1,232.29","7,180.63","3,619.23","1,230.55","4,728.17","2,293.85","3,699.61","3,713.94","18,026.79","51,498.55"
2007,6,"2,429.02","1,582.84","2,278.69",992.89,"8,045.28",684.38,"1,333.45","3,641.64","3,305.45","3,245.74","2,980.91","19,680.84","50,201.13"
2007,7,"3,109.16","2,869.76","2,125.78","1,279.14","8,558.70","1,045.34","1,502.37","3,279.75","2,656.87","3,517.14","4,890.09","18,356.48","53,190.58"
2007,8,"2,059.30","1,704.90","1,724.03","1,035.60","9,622.73",844.11,"2,810.53","4,810.22","3,496.57","3,671.30","4,772.91","16,051.86","52,604.06"
2007,9,"3,079.21","1,078.67","2,547.32","1,461.82","6,899.09",763.47,962.63,"5,099.49","2,763.51","4,092.03","4,015.59","15,697.33","48,460.16"
2007,10,"2,775.45","1,978.18","2,421.37","1,363.23","9,122.97","3,460.34","1,789.51","8,298.78","3,378.61","3,707.38","4,817.74","15,935.50","59,049.06"
2007,11,"2,511.87","1,729.25","2,024.66","1,113.98","12,480.07",688.16,953.28,"5,525.63","4,365.40","4,208.35","4,927.13","17,204.13","57,731.91"
2007,12,"1,215.17","1,801.02","1,102.05",585.91,"2,545.08","1,110.78","1,082.24","2,896.46","2,824.88","3,350.12","3,103.81","16,139.48","37,757.00"
2008,1,"2,163.69","1,498.30","1,779.34","1,106.53","13,324.16","1,195.25","1,979.94","6,778.99","3,939.42","3,997.79","6,075.25","20,502.35","64,341.01"
2008,2,"2,921.46","2,033.86","2,603.10","1,029.11","9,510.89",945.31,"1,356.22","5,138.42","3,210.71","3,482.08","4,770.77","21,049.50","58,051.43"
2008,3,"1,746.01","2,984.79","1,866.69",806.49,"6,839.39","4,363.49","1,042.04","6,476.49","3,066.48","3,487.52","3,428.89","17,092.51","53,200.79"
2008,4,"1,749.26","2,910.16","1,921.65",873.11,"12,274.48","2,319.25","1,020.72","5,981.93","3,155.40","3,484.89","3,311.61","15,782.99","54,785.45"
2008,5,"1,873.07","3,606.34","1,482.98",833.26,"10,534.04","1,302.39",879.66,"9,281.27","3,005.93","3,035.20","4,430.19","16,613.10","56,877.43"
2008,6,"1,835.13","1,442.06","1,583.48",895.7,"3,515.33",844.12,888.67,"6,384.15","3,312.94","2,904.38","5,213.59","21,137.71","49,957.26"
2008,7,"1,774.91","2,628.53","2,189.02",168.38,"19,339.13","2,048.11","1,156.11","7,921.31","3,886.96","4,811.18","4,678.81","19,697.64","70,300.09"
2008,8,"2,568.88","1,876.34","2,707.15","1,170.50","6,507.93","2,488.28","1,007.23","10,098.94","3,314.31","4,062.72","4,869.16","31,973.23","72,644.67"
2008,9,"1,873.49","2,108.17","3,166.97","1,529.46","12,326.45","4,813.22","1,385.47","8,705.56","3,641.87","3,605.69","5,399.50","26,217.18","74,773.03"
2008,10,"3,853.50","2,538.19","2,402.06","1,285.41","7,753.46","1,414.43","1,470.71","7,769.47","4,723.11","3,677.07","6,774.62","31,193.80","74,855.83"
2008,11,"2,601.72","2,183.26","2,651.44",761.3,"5,247.67",996.78,"1,655.30","9,794.27","7,604.02","3,517.57","7,194.15","24,180.42","68,387.90"
2008,12,"3,015.16","1,739.14","2,591.94","1,421.15","6,637.34","3,147.96","2,548.17","6,200.33","3,829.78","4,773.55","7,327.06","25,336.32","68,567.90"
2009,1,"2,370.63","8,392.77","2,255.11","1,257.13","3,314.77","1,966.25","1,530.99","6,572.44","4,112.82","4,521.63","5,802.15","24,080.49","66,177.18"
2009,2,"2,069.46","2,125.21","1,553.16","2,347.53","5,641.51","2,806.33","1,566.75","5,370.46","4,738.94","2,265.48","6,344.45","23,733.85","60,563.13"
2009,3,"2,363.74","4,230.35","2,198.25",686.78,"5,790.29","1,473.44","1,791.77","5,663.38","8,614.62","3,076.06","5,493.90","19,914.22","61,296.80"
2009,4,"3,980.97","4,045.56","1,700.95","1,282.87","2,643.10","2,240.58","1,595.81","8,341.77","6,091.41","3,551.89","7,017.61","23,306.79","65,799.31"
2009,5,"2,088.03","3,862.26","1,550.39",920.25,"3,406.21","2,857.00",990.15,"5,937.40","5,313.96","4,694.47","4,650.28","22,429.21","58,699.61"
2009,6,"3,566.67","2,147.36","1,683.50","1,257.00","9,904.70","1,934.44","1,038.13","6,853.21","6,582.05","3,766.78","6,087.92","18,089.03","62,910.79"
2009,7,"4,880.77","3,412.89","1,813.99",945.5,"6,394.50","1,233.76",971,"4,957.91","8,634.42","3,673.80","6,658.65","20,160.91","63,738.10"
2009,8,"3,141.20","1,839.25","2,018.61","1,100.47","9,425.66","1,359.19","1,540.61","7,725.50","4,108.42","4,234.83","5,344.98","17,929.46","59,768.18"
2009,9,"4,238.40","3,524.13","1,892.14","1,130.72","12,145.61","2,792.80","1,034.89","7,012.38","5,655.20","4,874.10","7,341.36","17,719.71","69,361.44"
2009,10,"3,177.91","6,663.48","1,830.11","1,302.87","7,220.33","2,023.45","1,260.84","9,425.18","5,261.07","4,753.93","5,759.61","23,680.60","72,359.38"
2009,11,"2,688.10","4,761.93","1,698.50",592.03,"10,147.75","1,712.64","1,321.14","7,365.72","6,511.87","4,303.79","6,261.74","21,783.11","69,148.32"
2009,12,"2,319.46","5,050.49","2,534.71","1,065.47","13,674.52","5,122.59","1,242.99","8,017.17","4,936.35","5,140.21","7,761.73","21,408.92","78,274.61"
2010,1,"3,356.56","3,360.65","1,981.98","1,264.47","9,043.27","2,319.22",841.94,"7,997.95","6,877.09","3,278.18","9,187.87","21,689.71","71,198.89"
2010,2,"2,217.39","2,412.04","2,149.56",795.46,"3,839.22","4,960.17","1,215.99","6,217.05","3,222.82","3,468.47","7,530.01","22,299.40","60,327.58"
2010,3,"2,485.89","3,766.35","2,044.14",649.89,"12,507.07","3,253.59","1,776.17","9,814.07","4,576.35","4,900.78","7,604.04","21,855.09","75,233.43"
2010,4,"3,712.17","3,803.72","2,023.57","1,616.00","8,789.99","5,881.36",851.95,"6,344.85","4,649.55","5,587.87","6,760.42","22,085.89","72,107.34"
2010,5,"2,449.02","2,280.43","1,613.80","1,376.98","15,948.56","1,119.48","1,282.64","11,147.77","4,961.27","4,128.39","6,916.66","27,091.75","80,316.75"
2010,6,"3,434.58","2,840.90","2,006.27",774.75,"11,065.20","1,445.65","1,625.03","7,594.60","4,387.83","4,210.51","10,470.72","29,352.18","79,208.22"
2010,7,"2,805.76","2,555.36","3,465.05",959.31,"9,995.74","1,564.84","1,484.23","7,600.46","4,614.34","3,867.33","9,241.51","32,412.29","80,566.22"
2010,8,"2,340.93","2,385.27","2,086.69","1,253.04","6,385.47","1,173.51","1,261.20","8,380.68","4,666.81","4,857.24","10,092.81","28,132.51","73,016.16"
2010,9,"2,514.04","4,077.47","2,501.10",754.2,"11,044.59",857.62,"1,692.38","7,440.26","5,411.92","4,726.15","14,954.57","32,666.22","88,640.52"
2010,10,"2,362.83","2,707.74","2,229.12",859.88,"12,440.58","2,256.05","1,585.17","10,337.44","4,832.04","3,809.49","14,483.43","24,778.11","82,681.88"
2010,11,"18,515.90","2,967.06","2,124.08",804.02,"7,397.52","5,499.41","2,369.24","8,566.84","5,010.04","4,995.84","12,870.69","31,604.27","102,724.91"
2010,12,"3,555.66","6,159.34","2,163.05",874.56,"7,591.95","1,943.07","2,666.82","11,809.63","6,627.34","10,441.75","10,667.04","28,911.48","93,411.69"
2011,1,"2,268.53","2,409.89","1,892.75",844.99,"12,596.22","1,842.78","1,609.90","14,665.43","5,353.18","2,984.88","8,513.25","35,546.05","90,527.85"
2011,2,"2,378.80","2,335.98","2,173.81",579.12,"12,083.12","1,031.82","1,474.63","11,783.15","5,015.88","3,913.90","8,735.35","34,052.86","85,558.42"
2011,3,"3,141.35","5,670.39","2,451.56","1,317.76","18,716.06","1,888.81","1,527.14","11,815.46","7,883.36","4,363.15","10,810.41","40,147.44","109,732.89"
2011,4,"3,055.40","2,253.71","2,250.77",707.56,"13,198.01","1,748.27","1,375.80","11,903.54","6,095.53","3,643.59","8,522.11","32,233.66","86,987.95"
2011,5,"4,901.07","3,189.99","2,726.29","1,363.92","18,033.74","3,183.35","1,279.61","15,159.85","5,179.02","5,412.84","15,476.49","40,923.82","116,829.99"
2011,6,"3,144.19","3,050.77","3,111.62","1,026.95","18,393.00","6,155.93","1,496.51","11,158.79","5,071.06","4,308.39","11,720.73","35,666.86","104,304.80"
2011,7,"3,540.60","4,364.95","3,321.57","1,587.70","12,465.87","1,853.36","1,520.49","10,152.17","6,942.86","4,794.40","11,283.00","41,071.42","102,898.39"
2011,8,"4,730.88","3,425.46","2,758.32","1,117.99","21,191.17","3,891.07","1,929.90","11,047.59","5,518.23","8,628.43","12,236.69","59,646.95","136,122.68"
2011,9,"5,055.34","5,044.89","2,733.35","1,306.54","12,484.30","2,578.13","1,937.59","17,491.15","6,085.63","4,455.66","18,067.36","46,461.02","123,700.96"
2011,10,"3,784.73","3,979.00","2,502.81","1,116.53","19,548.76","9,280.96","1,916.71","10,174.24","6,011.22","4,848.40","13,500.41","39,073.92","115,737.69"
2011,11,"3,199.63","4,597.89","3,391.21","1,600.28","19,170.14","12,336.16","1,844.73","12,027.74","6,708.01","5,375.63","14,120.66","41,944.81","126,316.89"
2011,12,"4,006.85","4,243.58","2,666.83","1,944.49","21,511.44","7,902.22","1,959.33","11,393.36","5,416.61","5,955.16","11,066.63","38,870.75","116,937.25"
2012,1,"3,195.03","2,966.57","2,514.44","1,434.16","9,813.83","4,925.47","2,302.73","11,249.85","4,536.05","4,435.30","12,725.74","41,559.33","101,658.50"
2012,2,"3,219.42","5,790.40","2,932.01","1,705.19","6,974.56","6,888.10","1,933.86","13,755.37","3,932.28","3,130.48","13,324.86","38,475.01","102,061.54"
2012,3,"3,093.18","5,894.06","3,745.84","1,475.84","28,534.49","12,717.67","1,976.27","8,414.91","6,620.01","5,195.42","12,601.28","34,352.86","124,621.83"
2012,4,"3,342.35","6,463.65","2,914.41","1,077.64","9,561.26","2,524.02","1,491.39","19,025.08","4,802.55","4,364.65","10,850.34","36,348.11","102,765.45"
2012,5,"4,914.70","7,677.55","3,990.07","1,611.99","11,873.97","8,015.86","2,259.66","22,070.81","6,263.84","6,090.44","14,290.31","39,716.56","128,775.76"
2012,6,"3,020.81","4,456.37","4,414.69","1,313.42","17,144.93","5,550.93","1,896.60","11,947.23","5,383.24","4,585.70","16,573.18","35,771.33","112,058.43"
2012,7,"3,821.60","7,711.50","2,924.61","2,043.61","14,358.04","3,809.95","1,646.91","21,938.60","5,403.79","6,019.95","15,473.93","38,261.79","123,414.28"
2012,8,"3,488.42","7,020.52","3,921.80","3,804.08","12,263.67","5,158.70","2,469.63","13,661.18","4,279.18","6,657.79","17,423.84","35,953.27","116,102.08"
2012,9,"3,419.31","5,069.77","3,363.13","1,945.66","7,379.34","6,188.46","2,356.76","14,209.93","4,750.50","4,510.54","15,593.30","38,681.15","107,467.85"
2012,10,"4,794.87","4,120.01","4,033.97","1,331.52","7,037.89","5,619.86","2,762.17","19,035.98","4,989.81","4,354.81","13,710.51","39,133.64","110,925.04"
2012,11,"4,345.32","4,175.33","4,118.99","1,481.27","13,271.61","2,412.55","2,000.94","19,297.17","6,257.73","6,318.27","12,134.89","54,080.78","129,894.85"
2012,12,"3,198.58","4,631.57","2,685.97","1,512.48","11,787.34","3,103.78","3,995.62","20,640.37","4,840.57","7,570.38","12,537.71","40,553.54","117,057.91"
2013,1,"5,010.76","6,271.76","2,730.28","1,098.19","10,767.76","1,885.14","2,176.70","25,159.03","4,190.54","6,285.92","14,194.34","50,994.10","130,764.52"
2013,2,"4,501.79","4,881.18","1,932.34","1,603.64","11,653.70","4,953.55","1,720.08","21,510.52","4,865.26","4,570.04","17,035.64","37,189.86","116,417.60"
2013,3,"3,037.99","4,064.41","2,905.45","1,929.69","19,509.20","3,690.74","1,110.44","8,757.10","5,685.81","6,126.40","10,298.67","41,700.11","108,816.01"
2013,4,"4,765.68","5,223.43","4,274.24","1,464.82","12,936.02","5,529.01","1,272.85","15,681.50","5,731.00","7,462.37","11,376.59","42,946.68","118,664.19"
2013,5,"4,584.10","4,504.88","3,253.74","1,638.25","19,605.34","3,727.80","1,759.40","15,881.65","5,364.68","6,288.81","13,344.32","33,748.55","113,701.52"
2013,6,"3,710.68","4,508.84","2,722.81","1,004.12","3,257.43","1,358.08",991.7,"24,197.49","5,373.52","7,116.23","11,848.67","30,971.18","97,060.75"
2013,7,"4,107.45","5,972.54","3,874.62","1,261.41","6,786.52","1,604.53","1,624.37","17,666.00","6,279.58","6,928.27","17,492.68","50,609.27","124,207.24"
2013,8,"3,625.21","4,637.04","3,162.87","1,569.32","8,778.06","6,184.94","1,324.97","15,268.00","9,851.64","9,054.01","19,280.71","36,906.98","119,643.75"
2013,9,"4,140.96","4,866.33","3,074.44","3,489.38","3,152.23","2,769.16","1,571.90","31,023.87","4,583.65","6,111.86","14,603.34","32,930.54","112,317.66"
2013,10,"4,053.72","4,737.24","3,633.72","1,647.70","6,431.59","2,352.12","2,788.86","34,137.61","6,642.79","7,906.70","17,624.33","40,250.06","132,206.44"
2013,11,"4,285.57","3,832.43","2,578.07","1,646.15","8,869.44","3,132.64","2,237.77","14,758.49","5,665.65","7,506.14","18,596.06","42,916.71","116,025.12"
2013,12,"3,193.31","3,893.62","3,344.75","1,962.20","5,603.10","4,235.25","2,076.63","32,594.35","6,427.26","7,940.64","16,583.85","31,127.30","118,982.26"
2014,1,"6,035.12","5,258.10","3,985.09","1,861.32","8,299.99","4,253.05","2,032.99","16,962.45","6,124.96","9,350.34","15,059.01","50,894.03","130,116.45"
2014,2,"3,427.92","4,301.35","3,326.57","1,767.62","7,351.15","5,525.38","1,325.37","19,390.19","5,354.54","4,266.24","14,177.95","36,857.99","107,072.27"
2014,3,"4,243.87","13,062.48","7,095.51","1,279.14","10,817.69","2,730.16","1,536.71","31,810.51","6,950.55","6,380.86","18,475.89","34,901.24","139,284.61"
2014,4,"4,243.87","13,062.48","7,095.51","1,279.14","10,817.69","2,730.16","1,536.71","31,810.51","6,950.55","6,380.86","15,964.53","37,412.60","139,284.61"
2014,5,"3,435.13","21,223.57","4,238.94","1,334.36","10,898.91","2,683.39","1,647.54","26,413.74","3,324.64","6,929.83","21,162.14","47,185.45","150,477.64"
2014,6,"3,262.84","3,863.08","3,434.64","1,258.82","5,733.46","2,040.40","1,313.95","18,895.60","4,466.75","6,794.50","15,149.33","47,476.87","113,690.24"
2014,7,"4,153.63","30,588.39","3,322.42","1,589.07","10,344.54","7,002.95","1,475.12","25,362.94","4,527.48","7,402.95","17,736.92","35,233.15","148,739.56"
2014,8,"3,229.60","23,924.68","3,873.40","1,904.76","11,267.18","2,145.74","2,103.88","19,125.85","4,361.83","7,563.74","22,334.45","42,127.32","143,962.43"
2014,9,"2,983.30","14,344.93","4,320.24","2,793.13","6,990.65","8,431.68","4,286.45","21,930.34","4,958.11","7,605.93","38,658.86","42,632.39","159,936.01"
2014,10,"4,040.58","29,506.90","3,433.31","2,240.78","12,971.82","2,451.14","2,230.79","22,548.39","7,301.88","7,049.80","24,620.18","39,006.48","157,402.05"
2014,11,"3,268.18","12,661.74","2,812.97","1,637.09","6,517.10","9,664.99","1,309.51","18,199.24","5,244.62","5,612.85","18,989.81","35,682.02","121,600.12"
2014,12,"5,666.08","6,142.31","4,739.75","1,255.69","3,632.62","5,653.58","1,599.43","27,461.15","4,643.53","9,949.67","26,313.57","41,125.31","138,182.69"
2015,1,"3,262.96","9,458.34","3,332.71","2,094.83","4,241.70","8,660.30","1,358.02","25,324.59","4,864.22","6,064.99","23,584.96","35,400.88","127,648.51"
2015,2,"2,650.96","4,723.50","3,844.20","2,093.17","3,502.17","3,745.31","1,197.07","20,200.69","3,480.56","5,538.28","24,306.18","37,861.41","113,143.49"
2015,3,"3,418.04","4,084.24","3,420.59","1,598.64","4,521.20","4,307.95","1,581.38","19,370.69","5,673.07","6,468.91","24,391.07","33,239.05","112,074.82"
2015,4,"3,901.62","12,854.36","3,716.57","1,690.78","10,849.03","5,253.10","1,526.32","15,105.17","4,812.43","8,329.79","21,299.47","40,398.00","129,736.65"
2015,5,"3,981.10","16,706.58","3,955.03","1,762.74","5,591.95","8,078.25","1,739.29","24,414.27","5,147.73","7,315.89","28,897.81","36,448.41","144,039.06"
2015,6,"3,005.05","3,934.59","6,712.35","1,739.00","8,787.21","3,025.77","1,801.48","24,525.65","4,861.35","7,137.94","27,288.44","35,348.81","128,167.64"
2015,7,"7,399.11","4,876.75","4,617.59","2,250.09","9,915.60","7,550.45","1,985.13","13,234.71","5,669.82","7,631.36","33,730.22","45,292.22","144,153.04"
2015,8,"3,339.95","3,975.56","4,811.23","2,626.76","13,025.66","1,740.16","1,709.18","19,933.26","5,226.91","8,591.97","26,367.40","34,347.68","125,695.72"
2015,9,"3,015.03","4,395.25","3,584.25","1,625.08","6,359.83","2,045.71","2,273.22","23,958.40","6,017.80","7,924.61","35,636.59","41,907.39","138,743.16"
2015,10,"3,180.83","3,018.76","3,149.20","1,438.45","8,727.84","6,906.28","2,270.42","18,567.20","6,303.21","7,678.54","28,220.21","37,181.72","126,642.65"
2015,11,"2,965.53","49,516.52","3,068.53","2,183.10","6,151.67","2,462.09","1,187.43","23,353.67","5,519.53","7,779.52","21,602.21","37,273.07","163,062.87"
2015,12,"2,849.78","8,496.48","3,168.51","1,619.31","8,898.78","1,530.80","2,437.42","24,535.19","3,734.63","7,777.44","25,491.00","33,909.95","124,449.30"
2016,1,"2,281.69","3,375.95","4,087.76","1,493.02","4,944.12","5,180.36","1,872.24","16,504.76","3,454.89","6,099.76","23,566.97","33,621.69","106,483.22"
2016,2,"1,865.60","3,778.12","3,570.32","2,083.36","5,972.46","2,504.97","1,752.56","17,887.55","2,837.94","8,022.73","21,052.43","29,130.17","100,458.20"
2016,3,"3,123.86","3,888.18","3,811.26","1,305.09","3,491.63","5,404.12","1,916.11","22,701.65","3,629.19","6,376.63","20,660.58","38,112.50","114,420.80"
2016,4,"2,863.18","6,072.00","3,914.74","1,894.12","7,145.14","8,121.33","1,729.23","19,604.67","3,630.94","7,499.12","27,540.24","34,795.59","124,810.31"
2016,5,"3,216.21","3,935.67","3,841.98","1,873.28","5,189.51","3,068.11","1,573.44","20,838.39","4,750.80","6,010.64","24,846.52","37,023.97","116,168.50"
2016,6,"3,038.35","4,482.54","4,211.81","2,162.80","11,644.27","5,659.39","1,905.70","16,796.96","4,552.57","6,228.99","32,592.22","33,941.76","127,217.35"
2016,7,"2,614.25","4,954.64","3,803.33","1,938.28","11,581.22","6,172.08","2,061.78","10,611.81","4,625.82","7,829.89","29,349.04","31,778.78","117,320.92"
2016,8,"3,065.09","3,793.05","2,934.68","1,784.58","9,860.47","5,117.55","1,932.46","15,749.99","4,258.68","8,165.09","39,318.08","36,944.21","132,923.93"
2016,9,"2,386.76","3,616.06","3,073.59","2,298.67","10,289.85","5,272.35","1,907.45","13,651.83","4,977.14","6,748.98","29,743.90","40,461.27","124,427.85"
2016,10,"3,063.13","2,624.11","2,878.50","2,106.60","9,442.04","9,386.20","1,574.34","16,570.87","3,886.01","5,079.91","26,362.46","32,203.18","115,177.36"
2016,11,"2,853.21","3,310.70","3,647.64","2,364.92","7,277.36","6,931.80","1,685.93","16,382.90","4,444.70","7,246.13","31,420.66","41,765.66","129,331.62"
2016,12,"3,115.79","3,987.93","3,577.50","2,433.58","4,643.95","6,440.80","1,622.93","18,197.50","4,808.50","7,100.91","30,997.00","36,088.09","123,014.49"
2017,1,"2,442.53","3,197.56","2,702.33","2,152.07","9,227.18","9,551.18","1,638.85","19,717.12","4,675.34","6,068.33","43,389.05","45,972.60","150,734.13"
2017,2,"2,026.02","4,670.87","2,644.94","2,241.84","8,041.26","14,020.57","2,334.78","10,524.46","3,950.75","4,716.70","36,353.90","39,314.44","130,840.52"
2017,3,"2,870.13","6,633.12","3,400.79","1,998.10","5,663.35","12,797.50","1,776.00","17,598.40","5,420.20","8,080.86","33,863.62","41,027.18","141,129.27"
2017,4,"2,207.98","7,251.68","2,464.43","2,031.61","8,866.80","8,811.44","1,972.99","13,506.63","5,214.38","7,562.29","26,300.60","42,870.58","129,061.41"
2017,5,"2,951.16","4,572.31","3,241.05","2,320.36","9,188.47","8,408.87","3,510.52","19,754.74","4,959.69","7,165.70","35,384.49","49,964.81","151,422.18"
2017,6,"2,382.50","4,253.16","5,063.48","1,035.61","11,278.60","6,042.21","3,226.27","14,888.74","6,951.62","7,102.05","37,754.50","43,034.80","143,013.54"
2017,7,"2,262.08","6,235.67","5,789.28","2,170.35","17,882.91","7,444.48","1,987.82","10,273.85","5,742.97","8,432.09","38,140.26","59,211.75","165,573.49"
2017,8,"2,371.68","3,503.61","2,491.28","2,250.42","14,527.61","10,108.86","2,779.04","10,783.65","5,781.16","5,499.98","21,831.57","62,361.93","144,290.78"
2017,9,"2,675.81","3,697.37","5,333.66","1,599.95","16,307.73","2,535.85","2,298.97","13,197.87","5,514.88","5,651.90","28,575.71","54,397.23","141,786.92"
2017,10,"2,135.07","3,402.22","3,835.67","1,435.83","8,440.48","15,240.60","1,671.50","13,069.27","4,877.69","7,519.17","39,894.11","46,334.97","147,856.57"
2017,11,"2,624.49","4,941.18","2,800.16","1,269.63","13,446.31","10,492.68","1,715.66","14,983.42","4,601.56","5,958.94","24,720.68","50,595.99","138,150.71"
2017,12,"3,100.76","5,018.68","3,221.69","1,882.18","15,488.60","9,152.65","1,922.38","12,112.05","4,189.36","7,904.91","24,413.78","53,355.97","141,763.04"
2018,1,"3,159.61","8,421.64","2,987.22","2,035.56","5,396.68","12,913.24","1,926.07","21,468.99","5,955.10","8,454.68","27,460.82","57,337.34","157,516.94"
2018,2,"2,290.87","5,845.90","2,985.08","2,519.05","9,905.83","9,645.02","2,084.16","15,332.90","4,901.65","6,067.21","25,258.07","42,107.54","128,943.27"
2018,3,"2,256.46","6,665.67","3,771.61","1,632.45","18,589.13","14,031.70","1,373.02","11,455.19","6,446.64","7,849.47","35,566.06","42,401.10","152,038.51"
2018,4,"2,288.50","4,635.84","3,995.14","2,530.80","22,353.41","10,404.19","1,916.45","16,568.68","5,556.46","7,505.30","29,623.45","42,623.87","150,002.08"
2018,5,"2,639.18","3,113.78","6,626.71","2,936.00","16,077.89","13,493.78","1,573.98","18,141.58","5,485.20","5,609.39","48,641.65","43,680.95","168,020.10"
2018,6,"2,768.91","2,684.04","3,184.28","2,099.55","8,830.67","18,885.40","1,697.78","9,083.70","6,145.49","7,344.82","36,172.60","43,628.25","142,525.50"
2018,7,"2,760.69","3,913.45","4,132.34","1,491.10","8,139.67","21,451.55","2,367.15","14,313.12","5,953.65","9,137.63","35,314.50","43,673.02","152,647.89"
2018,8,"3,093.38","3,399.50","3,345.10","2,642.32","11,003.85","20,262.87","1,804.59","14,726.19","4,732.03","8,323.90","29,039.38","46,933.86","149,306.97"
2018,9,"2,261.72","3,543.27","3,673.28","1,551.28","9,724.29","4,557.89","2,034.83","24,813.09","3,253.66","8,914.82","25,117.04","40,350.88","129,796.06"
2018,10,"2,459.48","4,054.71","4,873.15","2,053.23","15,988.21","17,310.25","2,268.36","15,204.47","5,557.09","8,760.00","26,837.16","43,880.08","149,246.19"
2018,11,"2,787.09","3,655.81","3,032.26","2,535.11","15,162.36","12,713.03","2,801.76","13,643.55","5,792.41","13,797.14","27,835.45","49,735.83","153,491.79"
2018,12,"2,789.51","3,311.54","3,993.06","1,704.97","6,244.67","17,034.05","2,081.33","10,500.64","4,954.14","8,058.31","23,960.20","42,053.60","126,686.03"
2019,1,"2,640.29","4,648.71","3,212.38","1,594.09","15,110.29","13,077.50","2,045.11","13,049.72","6,782.55","7,831.09","30,573.35","55,354.62","155,919.71"
2019,2,"2,614.15","5,121.96","4,544.47","2,596.97","9,848.60","6,617.78","1,517.91","13,222.71","4,996.59","6,505.19","30,010.11","54,672.10","142,268.55"
2019,3,"3,117.61","4,081.18","2,791.76","1,215.84","6,610.19","17,192.42","3,044.13","10,946.73","5,636.47","5,564.10","18,366.09","46,684.95","125,251.46"
2019,4,"2,559.38","4,828.31","5,865.08","1,922.15","21,750.87","8,056.05","1,478.12","19,517.88","6,145.11","9,785.87","26,452.62","41,790.77","150,152.21"
2019,5,"3,180.20","8,920.81","3,380.66","1,707.91","19,304.11","9,275.57","2,198.51","18,009.86","7,257.25","7,317.71","28,529.10","46,754.93","155,836.62"
2019,6,"3,148.95","3,748.17","2,610.23","1,057.47","15,735.87","12,974.80","1,270.00","12,274.06","7,691.46","8,952.05","39,249.87","40,726.33","149,439.25"
2019,7,"2,340.76","6,059.70","7,364.49","1,665.71","13,758.32","15,620.43","1,567.94","11,679.11","8,643.77","8,909.78","32,489.43","43,490.79","153,590.23"
2019,8,"2,981.84","5,075.50","3,333.64","1,344.77","8,880.07","5,631.35","2,797.35","20,227.23","7,021.63","9,214.22","26,686.35","52,310.28","145,504.24"
2019,9,"3,182.68","6,726.13","3,127.74","2,590.00","11,985.32","10,098.56","1,566.79","16,425.32","6,211.08","6,941.66","28,996.09","51,523.36","149,374.73"
2019,10,"3,367.78","5,535.95","3,755.52","1,544.95","11,291.03","11,224.42","2,298.14","14,164.02","4,824.85","9,538.28","36,905.26","54,725.20","159,175.40"
2019,11,"3,491.79","2,960.16","3,247.95","1,960.61","18,837.43","2,193.17","2,329.47","17,945.05","5,489.09","9,075.03","37,220.38","54,437.87","159,187.99"
2019,12,"2,640.47","4,565.15","3,205.22","1,924.67","14,764.94","15,202.71","2,577.51","11,411.74","3,340.52","9,797.93","41,246.98","44,583.66","155,261.49"
2020,1,"2,682.95","4,372.14","3,897.08","1,768.70","12,572.62","8,800.71","2,325.68","15,598.11","4,993.13","8,162.91","35,061.82","55,195.06","155,430.90"
2020,2,"1,912.78","4,231.84","2,308.65","2,637.30","3,544.80","6,308.83","2,036.67","20,992.45","3,896.86","6,485.40","29,650.43","49,457.88","133,463.88"
2020,3,"2,733.59","4,390.26","3,236.16","1,375.32","11,532.72","9,057.94","1,436.48","21,326.56","5,463.75","8,042.69","16,174.23","52,790.85","137,560.56"
2020,4,"1,846.72","6,397.67","3,292.48","1,443.10","6,139.22","3,739.70","1,483.28","11,616.38","3,087.08","7,514.03","20,996.94","48,866.19","116,422.78"
2020,5,"2,654.68","5,469.63","3,368.18","1,481.93","3,442.31","2,248.77","1,610.95","11,374.96","3,478.28","5,345.23","24,470.71","44,304.44","109,250.08"
2020,6,"2,049.80","4,555.54","3,798.11","1,877.50","4,534.82","1,729.20","2,517.45","14,207.47","3,625.43","5,979.75","31,449.05","45,246.32","121,570.43"
2020,7,"2,062.32","4,941.26","3,170.17","2,021.58","5,965.11","5,132.23","2,273.96","15,773.00","4,538.60","7,389.05","34,156.06","52,339.60","139,762.95"
2020,8,"2,881.30","4,580.86","7,296.27","1,967.91","3,560.81","6,228.75","2,068.45","15,620.69","2,965.29","7,202.78","35,525.36","47,890.70","137,789.16"
2020,9,"2,536.78","4,429.09","2,209.51","1,401.97","10,028.50","11,713.45","1,377.52","14,556.25","4,188.07","7,555.34","34,942.20","48,398.22","143,336.89"
2020,10,"2,524.32","4,376.68","2,257.72","1,887.80","13,898.24","3,957.92","2,165.66","15,641.22","3,078.13","7,287.90","30,543.03","57,545.53","145,164.16"
2020,11,"2,241.52","4,195.25","2,180.56","3,375.83","7,489.45","6,157.19","2,264.78","16,498.13","3,478.51","6,901.63","29,314.03","54,942.76","139,039.63"
2020,12,"3,063.66","4,366.08","3,189.22","2,348.22","9,574.30","3,927.72","1,722.23","15,383.16","2,986.06","9,727.71","39,082.03","66,085.53","161,455.92"
2021,1,"2,319.34","5,490.58","3,219.51","1,200.52","15,030.59","10,091.06","1,815.79","13,321.57","3,817.06","6,676.58","39,908.39","57,826.17","160,717.15"
2021,2,"2,998.76","5,463.17","2,936.70","2,497.20","8,298.68","7,733.54","1,981.49","17,487.54","2,351.97","6,428.67","30,192.18","70,963.61","159,333.53"
2021,3,"3,483.55","9,256.98","5,617.20","2,384.43","14,750.59","8,437.10","2,419.83","19,363.24","4,652.60","9,320.77","36,943.69","70,798.52","187,428.50"
2021,4,"2,401.30","4,101.05","2,779.10","1,224.31","11,952.69","11,415.19","1,498.19","21,489.05","2,951.96","8,771.98","33,249.15","59,855.36","161,689.32"
2021,5,"2,858.36","5,832.11","2,924.63","2,781.34","17,776.19","4,563.09","2,042.91","16,828.98","3,542.68","7,335.69","33,869.62","61,334.90","161,690.48"
2021,6,"2,783.65","6,007.00","3,498.79","2,175.84","8,881.49","2,249.96","1,587.83","21,458.08","4,966.27","7,432.34","34,721.05","64,187.08","159,949.38"
2021,7,"2,351.82","6,081.01","2,905.02","3,441.24","11,580.48","9,102.82","1,225.85","20,281.75","2,576.07","9,483.51","38,357.54","69,690.36","177,077.48"
2021,8,"2,733.35","6,902.47","3,413.66","1,962.97","19,660.43","10,622.50","2,493.33","15,499.26","3,854.43","9,011.88","34,428.30","62,125.48","172,708.06"
2021,9,"2,763.31","13,250.83","7,829.94","2,187.61","14,405.23","15,202.56","2,542.29","22,495.30","4,505.55","5,946.28","37,200.87","62,099.44","190,429.21"
2021,10,"2,206.44","7,718.41","2,154.38","1,415.07","19,562.07","14,834.08","1,298.74","19,206.28","4,228.29","9,784.08","42,714.02","62,374.31","187,496.16"
2021,11,"3,065.73","7,028.67","2,777.90","1,662.30","12,805.69","13,396.31","1,782.45","20,632.64","3,673.09","7,858.58","36,372.37","80,646.19","191,701.92"
2021,12,"3,628.48","7,114.32","2,937.41","1,779.30","23,830.57","7,030.72","1,802.33","22,912.73","2,958.27","9,776.51","43,407.61","76,226.98","203,405.23"
2022,1,"2,041.52","6,704.54","3,070.00","1,718.93","12,463.81","13,011.61","1,735.88","25,494.25","4,260.92","6,763.27","35,872.21","81,043.13","194,180.06"
2022,2,"3,400.95","6,068.54","2,304.26","1,876.72","23,450.91","13,229.47","1,219.61","15,143.81","10,086.33","9,208.66","40,744.07","56,857.92","183,591.23"
2022,3,"3,644.46","11,651.36","2,159.41","1,641.82","36,265.17","10,726.53","1,608.13","21,419.37","3,386.31","9,311.88","35,645.47","75,858.50","213,318.41"
2022,4,"2,567.38","7,611.07","2,151.04","1,162.37","34,784.08","15,740.75","1,143.34","30,751.18","3,586.92","8,297.12","31,120.86","56,146.31","195,062.44"
2022,5,"2,344.10","8,750.32","2,926.30","1,828.46","33,331.38","14,384.54","2,330.88","23,696.26","6,402.78","9,234.05","39,618.90","88,486.84","233,334.80"
2022,6,"3,284.62","5,707.48","3,586.06","5,986.38","37,573.28","10,294.87","2,031.81","33,638.24","2,997.65","8,271.65","44,632.23","69,579.86","227,584.14"
2022,7,"2,491.50","9,309.07","2,308.06","2,045.13","32,803.77","2,506.40","1,549.23","17,322.09","9,086.90","7,123.44","39,013.48","87,338.25","212,897.33"
2022,8,"3,691.62","6,792.29","2,077.69","1,423.49","46,506.88","2,118.87","2,300.13","18,789.96","2,999.87","9,314.90","42,730.73","99,705.52","238,451.94"
2022,9,"2,902.77","6,710.59","6,424.24","1,615.05","31,570.34","18,359.77","1,726.69","16,474.16","4,353.96","7,722.15","32,433.77","75,570.03","205,863.52"
2022,10,"2,195.17","9,068.88","2,378.17","1,957.65","38,083.40","7,866.45","1,073.65","14,258.73","3,758.24","5,780.39","35,193.82","66,530.06","188,144.60"
2022,11,"2,897.57","7,254.12","2,392.39","1,561.75","31,676.79","11,944.80","2,057.66","16,735.23","5,799.48","7,499.94","36,867.24","65,295.06","191,982.04"
2022,12,"3,286.48","7,741.34","2,577.79","1,889.26","48,884.31","1,847.97","2,489.79","16,325.18","4,342.98","8,972.34","38,738.79","62,692.10","199,788.32"
2023,1,"3,658.19","5,768.69","2,995.43","1,739.79","33,077.08","4,013.20","4,375.98","24,200.86","3,267.34","6,822.18","30,520.34","74,113.01","194,552.08"
2023,2,"2,508.76","5,766.01","3,695.03",962.66,"35,618.64","7,169.66","1,436.47","13,992.98","5,790.43","5,668.89","29,960.47","62,721.41","175,291.40"
2023,3,"2,479.15","6,915.96","2,915.56","2,677.98","13,925.10","32,265.10","2,052.22","27,319.87","7,318.64","8,033.16","30,343.56","80,184.71","216,430.99"
2023,4,"2,237.30","11,277.38","3,524.86","2,508.04","28,147.99","19,241.31","1,699.93","27,649.91","8,551.44","7,915.78","35,244.42","60,295.19","208,293.54"
2023,5,"3,343.88","11,378.46","3,547.16","1,672.67","40,740.71","12,408.73","2,700.42","26,625.57","7,349.80","7,839.67","43,597.94","69,074.23","230,279.22"
2023,6,"3,587.81","12,019.75","5,177.88","1,694.66","32,248.26","7,655.04","2,330.09","21,411.60","6,747.53","8,747.74","35,533.22","73,012.81","210,166.39"
2023,7,"3,147.25","11,289.81","2,590.86","1,584.38","32,173.63","7,780.57","2,781.81","18,568.19","7,848.14","8,393.77","40,050.54","55,461.82","191,670.77"
2023,8,"2,829.27","13,390.31","3,497.64","2,585.93","50,048.01","9,072.83","3,935.22","19,227.71","6,337.89","8,398.16","38,686.94","80,812.74","238,822.64"
2023,9,"2,809.60","7,685.00","2,768.73","1,740.17","40,935.01","18,522.13","4,813.71","17,755.01","4,689.56","8,610.35","40,962.51","63,650.70","214,942.49"
2023,10,"3,321.86","9,146.49","2,878.79","1,448.61","41,918.87","10,269.34","4,832.10","33,666.90","7,846.84","7,503.82","43,633.81","73,234.59","239,702.03"
2023,11,"8,550.63","9,670.43","2,941.78","1,568.39","31,670.08","11,744.68","3,478.54","19,454.97","5,968.64","10,642.82","45,730.99","107,689.18","259,111.12"
2023,12,"2,434.92","8,452.96","3,381.74","1,709.45","31,029.68","5,007.48","2,500.36","19,294.78","5,124.66","8,876.94","44,731.20","87,120.04","219,664.19"
2024,1,"2,492.73","16,744.97","2,847.59","1,274.26","21,541.70","3,222.45","1,845.96","28,605.38","12,130.15","9,417.36","44,722.23","99,559.86","244,404.63"
2024,2,"3,629.20","13,447.09","4,051.98","2,101.59","23,931.98","1,770.65","1,749.10","25,214.84","5,112.02","9,768.12","45,375.38","90,260.41","226,412.35"
2024,3,"2,955.08","10,924.71","3,031.36","1,819.45","21,558.14","2,321.57","2,663.32","18,185.30","4,656.81","8,273.44","35,978.73","95,861.03","208,228.95"
2024,4,"3,119.48","17,897.28","3,064.55","1,752.15","24,458.57","7,550.45","2,458.92","20,393.74","5,450.21","9,545.79","42,532.73","96,819.74","235,043.61"
2024,5,"6,997.96","11,403.12","3,869.03","1,799.28","36,935.83","2,644.96","3,176.54","16,119.16","5,797.15","8,820.97","46,978.94","66,845.74","211,388.67"
2024,6,"4,069.22","7,721.67","3,192.81","1,320.70","29,507.96","2,597.84","2,320.69","21,221.88","3,842.15","8,438.16","42,112.93","82,268.26","208,614.25"
2024,7,"3,404.78","10,232.43","3,363.00","2,120.82","28,548.50","4,270.99","2,988.58","19,597.44","4,383.87","9,326.06","59,670.08","78,147.96","226,054.51"
2024,8,"3,119.78","11,406.05","6,935.37","2,435.37","31,016.88","2,068.39","2,763.46","26,182.66","2,806.31","8,522.66","58,016.22","73,019.72","228,292.88"
2024,9,"3,969.56","11,683.60","3,267.16","1,431.72","29,265.76","2,877.92","1,848.17","18,847.64","6,573.85","8,748.67","54,065.40","78,983.53","221,562.98"
2024,10,"3,825.39","25,247.93","3,258.19","2,008.60","34,671.94","8,062.84","3,809.26","22,354.65","6,706.39","9,444.54","52,924.00","72,201.39","244,515.12"
2024,11,"5,837.19","9,914.33","3,427.19","1,588.83","23,094.18","12,730.42","2,246.44","28,280.58","5,212.52","9,968.68","43,811.96","81,552.84","227,665.15"
2024,12,"2,613.27","9,807.82","3,198.27","2,386.75","33,099.49","2,272.48","2,791.32","18,824.56","3,976.85","9,329.33","53,232.56","76,465.11","217,997.80"
